Workbook

Sheet Dashboard
B2: ESG Energy & Water Savings Tracker
B3: As of: July 24, 2026 | All figures from property renovation capital initiatives
B4: PORTFOLIO-WIDE IMPACT (Completed Initiatives)
B5: Annual kWh Saved | D5: Annual Gallons Saved | F5: Annual $ Savings | H5: Total Capital Deployed
B6: =SUM('Property Summary'!I5:I77) -> 1180312.5 | D6: =SUM('Property Summary'!J5:J77) -> 5418750 | F6: =SUM('Property Summary'!K5:K77) -> 303018.75 | H6: =SUM('Property Summary'!L5:L77) -> 0
B7: Average Portfolio Payback | D7: Properties with Initiatives | F7: Total Initiatives Logged | H7: Completed Initiatives
B8: =IFERROR(SUM('Property Summary'!L5:L77)/SUM('Property Summary'!K5:K77),"-") -> 0 | D8: {=IF(COUNTIF('Initiative Log'!$F$6:$F$205,"Portfolio-Wide")>0,COUNTIF('Portfolio List'!$I$4:$I$76,"<="&_xlfn.MAXIFS('Initiative Log'!$C$6:$C$205,'Initiative Log'!$F$6:$F$205,"Portfolio-Wide")),IFERROR(COUNTA(_xlfn.UNIQUE(_xlfn._xlws.FILTER('Initiative Log'!$D$6:$D$205,'Initiative Log'!$D$6:$D$205<>""))),0))} -> 1 | F8: =COUNTA('Initiative Log'!D6:D205) -> 10 | H8: =COUNTIF('Initiative Log'!K6:K205,"Completed") -> 10
B11: SAVINGS BY FUND
B12: Fund | C12: Properties | D12: Completed Initiatives | E12: Annual kWh Saved | F12: Annual Gal Saved | G12: Annual $ Savings | H12: Total Capital | I12: Payback (yrs)
B13: Fund 1 | C13: =COUNTIF('Property Summary'!$C$5:$C$77,$B13) -> 19 | D13: =SUMIF('Property Summary'!$C$5:$C$77,$B13,'Property Summary'!$H$5:$H$77) -> 0 | E13: =SUMIF('Property Summary'!$C$5:$C$77,$B13,'Property Summary'!$I$5:$I$77) -> 0 | F13: =SUMIF('Property Summary'!$C$5:$C$77,$B13,'Property Summary'!$J$5:$J$77) -> 0 | G13: =SUMIF('Property Summary'!$C$5:$C$77,$B13,'Property Summary'!$K$5:$K$77) -> 0 | H13: =SUMIF('Property Summary'!$C$5:$C$77,$B13,'Property Summary'!$L$5:$L$77) -> 0 | I13: =IFERROR(H13/G13,"-") -> -
B14: Fund 5 | C14: =COUNTIF('Property Summary'!$C$5:$C$77,$B14) -> 2 | D14: =SUMIF('Property Summary'!$C$5:$C$77,$B14,'Property Summary'!$H$5:$H$77) -> 0 | E14: =SUMIF('Property Summary'!$C$5:$C$77,$B14,'Property Summary'!$I$5:$I$77) -> 0 | F14: =SUMIF('Property Summary'!$C$5:$C$77,$B14,'Property Summary'!$J$5:$J$77) -> 0 | G14: =SUMIF('Property Summary'!$C$5:$C$77,$B14,'Property Summary'!$K$5:$K$77) -> 0 | H14: =SUMIF('Property Summary'!$C$5:$C$77,$B14,'Property Summary'!$L$5:$L$77) -> 0 | I14: =IFERROR(H14/G14,"-") -> -
B15: Fund 3 | C15: =COUNTIF('Property Summary'!$C$5:$C$77,$B15) -> 19 | D15: =SUMIF('Property Summary'!$C$5:$C$77,$B15,'Property Summary'!$H$5:$H$77) -> 0 | E15: =SUMIF('Property Summary'!$C$5:$C$77,$B15,'Property Summary'!$I$5:$I$77) -> 0 | F15: =SUMIF('Property Summary'!$C$5:$C$77,$B15,'Property Summary'!$J$5:$J$77) -> 0 | G15: =SUMIF('Property Summary'!$C$5:$C$77,$B15,'Property Summary'!$K$5:$K$77) -> 0 | H15: =SUMIF('Property Summary'!$C$5:$C$77,$B15,'Property Summary'!$L$5:$L$77) -> 0 | I15: =IFERROR(H15/G15,"-") -> -
B16: Fund 4 | C16: =COUNTIF('Property Summary'!$C$5:$C$77,$B16) -> 15 | D16: =SUMIF('Property Summary'!$C$5:$C$77,$B16,'Property Summary'!$H$5:$H$77) -> 0 | E16: =SUMIF('Property Summary'!$C$5:$C$77,$B16,'Property Summary'!$I$5:$I$77) -> 0 | F16: =SUMIF('Property Summary'!$C$5:$C$77,$B16,'Property Summary'!$J$5:$J$77) -> 0 | G16: =SUMIF('Property Summary'!$C$5:$C$77,$B16,'Property Summary'!$K$5:$K$77) -> 0 | H16: =SUMIF('Property Summary'!$C$5:$C$77,$B16,'Property Summary'!$L$5:$L$77) -> 0 | I16: =IFERROR(H16/G16,"-") -> -
B17: Fund 6 | C17: =COUNTIF('Property Summary'!$C$5:$C$77,$B17) -> 13 | D17: =SUMIF('Property Summary'!$C$5:$C$77,$B17,'Property Summary'!$H$5:$H$77) -> 0 | E17: =SUMIF('Property Summary'!$C$5:$C$77,$B17,'Property Summary'!$I$5:$I$77) -> 0 | F17: =SUMIF('Property Summary'!$C$5:$C$77,$B17,'Property Summary'!$J$5:$J$77) -> 0 | G17: =SUMIF('Property Summary'!$C$5:$C$77,$B17,'Property Summary'!$K$5:$K$77) -> 0 | H17: =SUMIF('Property Summary'!$C$5:$C$77,$B17,'Property Summary'!$L$5:$L$77) -> 0 | I17: =IFERROR(H17/G17,"-") -> -
B18: Fund 2 | C18: =COUNTIF('Property Summary'!$C$5:$C$77,$B18) -> 4 | D18: =SUMIF('Property Summary'!$C$5:$C$77,$B18,'Property Summary'!$H$5:$H$77) -> 0 | E18: =SUMIF('Property Summary'!$C$5:$C$77,$B18,'Property Summary'!$I$5:$I$77) -> 0 | F18: =SUMIF('Property Summary'!$C$5:$C$77,$B18,'Property Summary'!$J$5:$J$77) -> 0 | G18: =SUMIF('Property Summary'!$C$5:$C$77,$B18,'Property Summary'!$K$5:$K$77) -> 0 | H18: =SUMIF('Property Summary'!$C$5:$C$77,$B18,'Property Summary'!$L$5:$L$77) -> 0 | I18: =IFERROR(H18/G18,"-") -> -
B21: SAVINGS BY REGION
B22: Fund | C22: Properties | D22: Completed Initiatives | E22: Annual kWh Saved | F22: Annual Gal Saved | G22: Annual $ Savings | H22: Total Capital | I22: Payback (yrs)
B23: Region 1 | C23: =COUNTIF('Property Summary'!$D$5:$D$77,$B23) -> 22 | D23: =SUMIF('Property Summary'!$D$5:$D$77,$B23,'Property Summary'!$H$5:$H$77) -> 0 | E23: =SUMIF('Property Summary'!$D$5:$D$77,$B23,'Property Summary'!$I$5:$I$77) -> 0 | F23: =SUMIF('Property Summary'!$D$5:$D$77,$B23,'Property Summary'!$J$5:$J$77) -> 0 | G23: =SUMIF('Property Summary'!$D$5:$D$77,$B23,'Property Summary'!$K$5:$K$77) -> 0 | H23: =SUMIF('Property Summary'!$D$5:$D$77,$B23,'Property Summary'!$L$5:$L$77) -> 0 | I23: =IFERROR(H23/G23,"-") -> -
B24: Region 4 | C24: =COUNTIF('Property Summary'!$D$5:$D$77,$B24) -> 5 | D24: =SUMIF('Property Summary'!$D$5:$D$77,$B24,'Property Summary'!$H$5:$H$77) -> 0 | E24: =SUMIF('Property Summary'!$D$5:$D$77,$B24,'Property Summary'!$I$5:$I$77) -> 0 | F24: =SUMIF('Property Summary'!$D$5:$D$77,$B24,'Property Summary'!$J$5:$J$77) -> 0 | G24: =SUMIF('Property Summary'!$D$5:$D$77,$B24,'Property Summary'!$K$5:$K$77) -> 0 | H24: =SUMIF('Property Summary'!$D$5:$D$77,$B24,'Property Summary'!$L$5:$L$77) -> 0 | I24: =IFERROR(H24/G24,"-") -> -
B25: Region 3 | C25: =COUNTIF('Property Summary'!$D$5:$D$77,$B25) -> 18 | D25: =SUMIF('Property Summary'!$D$5:$D$77,$B25,'Property Summary'!$H$5:$H$77) -> 0 | E25: =SUMIF('Property Summary'!$D$5:$D$77,$B25,'Property Summary'!$I$5:$I$77) -> 0 | F25: =SUMIF('Property Summary'!$D$5:$D$77,$B25,'Property Summary'!$J$5:$J$77) -> 0 | G25: =SUMIF('Property Summary'!$D$5:$D$77,$B25,'Property Summary'!$K$5:$K$77) -> 0 | H25: =SUMIF('Property Summary'!$D$5:$D$77,$B25,'Property Summary'!$L$5:$L$77) -> 0 | I25: =IFERROR(H25/G25,"-") -> -
B26: Region 5 | C26: =COUNTIF('Property Summary'!$D$5:$D$77,$B26) -> 4 | D26: =SUMIF('Property Summary'!$D$5:$D$77,$B26,'Property Summary'!$H$5:$H$77) -> 0 | E26: =SUMIF('Property Summary'!$D$5:$D$77,$B26,'Property Summary'!$I$5:$I$77) -> 0 | F26: =SUMIF('Property Summary'!$D$5:$D$77,$B26,'Property Summary'!$J$5:$J$77) -> 0 | G26: =SUMIF('Property Summary'!$D$5:$D$77,$B26,'Property Summary'!$K$5:$K$77) -> 0 | H26: =SUMIF('Property Summary'!$D$5:$D$77,$B26,'Property Summary'!$L$5:$L$77) -> 0 | I26: =IFERROR(H26/G26,"-") -> -
B27: Region 6 | C27: =COUNTIF('Property Summary'!$D$5:$D$77,$B27) -> 4 | D27: =SUMIF('Property Summary'!$D$5:$D$77,$B27,'Property Summary'!$H$5:$H$77) -> 0 | E27: =SUMIF('Property Summary'!$D$5:$D$77,$B27,'Property Summary'!$I$5:$I$77) -> 0 | F27: =SUMIF('Property Summary'!$D$5:$D$77,$B27,'Property Summary'!$J$5:$J$77) -> 0 | G27: =SUMIF('Property Summary'!$D$5:$D$77,$B27,'Property Summary'!$K$5:$K$77) -> 0 | H27: =SUMIF('Property Summary'!$D$5:$D$77,$B27,'Property Summary'!$L$5:$L$77) -> 0 | I27: =IFERROR(H27/G27,"-") -> -
B28: Region 2 | C28: =COUNTIF('Property Summary'!$D$5:$D$77,$B28) -> 15 | D28: =SUMIF('Property Summary'!$D$5:$D$77,$B28,'Property Summary'!$H$5:$H$77) -> 0 | E28: =SUMIF('Property Summary'!$D$5:$D$77,$B28,'Property Summary'!$I$5:$I$77) -> 0 | F28: =SUMIF('Property Summary'!$D$5:$D$77,$B28,'Property Summary'!$J$5:$J$77) -> 0 | G28: =SUMIF('Property Summary'!$D$5:$D$77,$B28,'Property Summary'!$K$5:$K$77) -> 0 | H28: =SUMIF('Property Summary'!$D$5:$D$77,$B28,'Property Summary'!$L$5:$L$77) -> 0 | I28: =IFERROR(H28/G28,"-") -> -
B29: Region 7 | C29: =COUNTIF('Property Summary'!$D$5:$D$77,$B29) -> 4 | D29: =SUMIF('Property Summary'!$D$5:$D$77,$B29,'Property Summary'!$H$5:$H$77) -> 0 | E29: =SUMIF('Property Summary'!$D$5:$D$77,$B29,'Property Summary'!$I$5:$I$77) -> 0 | F29: =SUMIF('Property Summary'!$D$5:$D$77,$B29,'Property Summary'!$J$5:$J$77) -> 0 | G29: =SUMIF('Property Summary'!$D$5:$D$77,$B29,'Property Summary'!$K$5:$K$77) -> 0 | H29: =SUMIF('Property Summary'!$D$5:$D$77,$B29,'Property Summary'!$L$5:$L$77) -> 0 | I29: =IFERROR(H29/G29,"-") -> -
B32: SAVINGS BY INITIATIVE TYPE
B33: Initiative Type | C33: # Completed | D33: Annual kWh Saved | E33: Annual Gal Saved | F33: Annual Energy $ | G33: Annual Water $ | H33: Total Annual $ | I33: Total Capital
B34: LED Lighting | C34: =COUNTIFS('Initiative Log'!$I:$I,"LED Lighting",'Initiative Log'!$K:$K,"Completed") -> 1 | D34: =SUMIFS('Initiative Log'!$P:$P,'Initiative Log'!$I:$I,"LED Lighting",'Initiative Log'!$K:$K,"Completed") -> 205312.5 | E34: =SUMIFS('Initiative Log'!$Q:$Q,'Initiative Log'!$I:$I,"LED Lighting",'Initiative Log'!$K:$K,"Completed") -> 0 | F34: =SUMIFS('Initiative Log'!$T:$T,'Initiative Log'!$I:$I,"LED Lighting",'Initiative Log'!$K:$K,"Completed") -> 45168.75 | G34: =SUMIFS('Initiative Log'!$U:$U,'Initiative Log'!$I:$I,"LED Lighting",'Initiative Log'!$K:$K,"Completed") -> 0 | H34: =SUMIFS('Initiative Log'!$V:$V,'Initiative Log'!$I:$I,"LED Lighting",'Initiative Log'!$K:$K,"Completed") -> 45168.75 | I34: =SUMIFS('Initiative Log'!$O:$O,'Initiative Log'!$I:$I,"LED Lighting",'Initiative Log'!$K:$K,"Completed") -> 0
B35: Low-Flow Toilet | C35: =COUNTIFS('Initiative Log'!$I:$I,"Low-Flow Toilet",'Initiative Log'!$K:$K,"Completed") -> 1 | D35: =SUMIFS('Initiative Log'!$P:$P,'Initiative Log'!$I:$I,"Low-Flow Toilet",'Initiative Log'!$K:$K,"Completed") -> 0 | E35: =SUMIFS('Initiative Log'!$Q:$Q,'Initiative Log'!$I:$I,"Low-Flow Toilet",'Initiative Log'!$K:$K,"Completed") -> 1500000 | F35: =SUMIFS('Initiative Log'!$T:$T,'Initiative Log'!$I:$I,"Low-Flow Toilet",'Initiative Log'!$K:$K,"Completed") -> 0 | G35: =SUMIFS('Initiative Log'!$U:$U,'Initiative Log'!$I:$I,"Low-Flow Toilet",'Initiative Log'!$K:$K,"Completed") -> 12000 | H35: =SUMIFS('Initiative Log'!$V:$V,'Initiative Log'!$I:$I,"Low-Flow Toilet",'Initiative Log'!$K:$K,"Completed") -> 12000 | I35: =SUMIFS('Initiative Log'!$O:$O,'Initiative Log'!$I:$I,"Low-Flow Toilet",'Initiative Log'!$K:$K,"Completed") -> 0
B36: Low-Flow Faucet (Bathroom) | C36: =COUNTIFS('Initiative Log'!$I:$I,"Low-Flow Faucet (Bathroom)",'Initiative Log'!$K:$K,"Completed") -> 1 | D36: =SUMIFS('Initiative Log'!$P:$P,'Initiative Log'!$I:$I,"Low-Flow Faucet (Bathroom)",'Initiative Log'!$K:$K,"Completed") -> 0 | E36: =SUMIFS('Initiative Log'!$Q:$Q,'Initiative Log'!$I:$I,"Low-Flow Faucet (Bathroom)",'Initiative Log'!$K:$K,"Completed") -> 618750 | F36: =SUMIFS('Initiative Log'!$T:$T,'Initiative Log'!$I:$I,"Low-Flow Faucet (Bathroom)",'Initiative Log'!$K:$K,"Completed") -> 0 | G36: =SUMIFS('Initiative Log'!$U:$U,'Initiative Log'!$I:$I,"Low-Flow Faucet (Bathroom)",'Initiative Log'!$K:$K,"Completed") -> 4950 | H36: =SUMIFS('Initiative Log'!$V:$V,'Initiative Log'!$I:$I,"Low-Flow Faucet (Bathroom)",'Initiative Log'!$K:$K,"Completed") -> 4950 | I36: =SUMIFS('Initiative Log'!$O:$O,'Initiative Log'!$I:$I,"Low-Flow Faucet (Bathroom)",'Initiative Log'!$K:$K,"Completed") -> 0
B37: Low-Flow Faucet (Kitchen) | C37: =COUNTIFS('Initiative Log'!$I:$I,"Low-Flow Faucet (Kitchen)",'Initiative Log'!$K:$K,"Completed") -> 1 | D37: =SUMIFS('Initiative Log'!$P:$P,'Initiative Log'!$I:$I,"Low-Flow Faucet (Kitchen)",'Initiative Log'!$K:$K,"Completed") -> 0 | E37: =SUMIFS('Initiative Log'!$Q:$Q,'Initiative Log'!$I:$I,"Low-Flow Faucet (Kitchen)",'Initiative Log'!$K:$K,"Completed") -> 825000 | F37: =SUMIFS('Initiative Log'!$T:$T,'Initiative Log'!$I:$I,"Low-Flow Faucet (Kitchen)",'Initiative Log'!$K:$K,"Completed") -> 0 | G37: =SUMIFS('Initiative Log'!$U:$U,'Initiative Log'!$I:$I,"Low-Flow Faucet (Kitchen)",'Initiative Log'!$K:$K,"Completed") -> 6600 | H37: =SUMIFS('Initiative Log'!$V:$V,'Initiative Log'!$I:$I,"Low-Flow Faucet (Kitchen)",'Initiative Log'!$K:$K,"Completed") -> 6600 | I37: =SUMIFS('Initiative Log'!$O:$O,'Initiative Log'!$I:$I,"Low-Flow Faucet (Kitchen)",'Initiative Log'!$K:$K,"Completed") -> 0
B38: Energy Star Refrigerator | C38: =COUNTIFS('Initiative Log'!$I:$I,"Energy Star Refrigerator",'Initiative Log'!$K:$K,"Completed") -> 1 | D38: =SUMIFS('Initiative Log'!$P:$P,'Initiative Log'!$I:$I,"Energy Star Refrigerator",'Initiative Log'!$K:$K,"Completed") -> 150000 | E38: =SUMIFS('Initiative Log'!$Q:$Q,'Initiative Log'!$I:$I,"Energy Star Refrigerator",'Initiative Log'!$K:$K,"Completed") -> 0 | F38: =SUMIFS('Initiative Log'!$T:$T,'Initiative Log'!$I:$I,"Energy Star Refrigerator",'Initiative Log'!$K:$K,"Completed") -> 33000 | G38: =SUMIFS('Initiative Log'!$U:$U,'Initiative Log'!$I:$I,"Energy Star Refrigerator",'Initiative Log'!$K:$K,"Completed") -> 0 | H38: =SUMIFS('Initiative Log'!$V:$V,'Initiative Log'!$I:$I,"Energy Star Refrigerator",'Initiative Log'!$K:$K,"Completed") -> 33000 | I38: =SUMIFS('Initiative Log'!$O:$O,'Initiative Log'!$I:$I,"Energy Star Refrigerator",'Initiative Log'!$K:$K,"Completed") -> 0
B39: Energy Star Range | C39: =COUNTIFS('Initiative Log'!$I:$I,"Energy Star Range",'Initiative Log'!$K:$K,"Completed") -> 1 | D39: =SUMIFS('Initiative Log'!$P:$P,'Initiative Log'!$I:$I,"Energy Star Range",'Initiative Log'!$K:$K,"Completed") -> 112500 | E39: =SUMIFS('Initiative Log'!$Q:$Q,'Initiative Log'!$I:$I,"Energy Star Range",'Initiative Log'!$K:$K,"Completed") -> 0 | F39: =SUMIFS('Initiative Log'!$T:$T,'Initiative Log'!$I:$I,"Energy Star Range",'Initiative Log'!$K:$K,"Completed") -> 24750 | G39: =SUMIFS('Initiative Log'!$U:$U,'Initiative Log'!$I:$I,"Energy Star Range",'Initiative Log'!$K:$K,"Completed") -> 0 | H39: =SUMIFS('Initiative Log'!$V:$V,'Initiative Log'!$I:$I,"Energy Star Range",'Initiative Log'!$K:$K,"Completed") -> 24750 | I39: =SUMIFS('Initiative Log'!$O:$O,'Initiative Log'!$I:$I,"Energy Star Range",'Initiative Log'!$K:$K,"Completed") -> 0
B40: Energy Star Dishwasher | C40: =COUNTIFS('Initiative Log'!$I:$I,"Energy Star Dishwasher",'Initiative Log'!$K:$K,"Completed") -> 1 | D40: =SUMIFS('Initiative Log'!$P:$P,'Initiative Log'!$I:$I,"Energy Star Dishwasher",'Initiative Log'!$K:$K,"Completed") -> 22500 | E40: =SUMIFS('Initiative Log'!$Q:$Q,'Initiative Log'!$I:$I,"Energy Star Dishwasher",'Initiative Log'!$K:$K,"Completed") -> 337500 | F40: =SUMIFS('Initiative Log'!$T:$T,'Initiative Log'!$I:$I,"Energy Star Dishwasher",'Initiative Log'!$K:$K,"Completed") -> 4950 | G40: =SUMIFS('Initiative Log'!$U:$U,'Initiative Log'!$I:$I,"Energy Star Dishwasher",'Initiative Log'!$K:$K,"Completed") -> 2700 | H40: =SUMIFS('Initiative Log'!$V:$V,'Initiative Log'!$I:$I,"Energy Star Dishwasher",'Initiative Log'!$K:$K,"Completed") -> 7650 | I40: =SUMIFS('Initiative Log'!$O:$O,'Initiative Log'!$I:$I,"Energy Star Dishwasher",'Initiative Log'!$K:$K,"Completed") -> 0
B41: Energy Star Washer/Dryer | C41: =COUNTIFS('Initiative Log'!$I:$I,"Energy Star Washer/Dryer",'Initiative Log'!$K:$K,"Completed") -> 1 | D41: =SUMIFS('Initiative Log'!$P:$P,'Initiative Log'!$I:$I,"Energy Star Washer/Dryer",'Initiative Log'!$K:$K,"Completed") -> 502500 | E41: =SUMIFS('Initiative Log'!$Q:$Q,'Initiative Log'!$I:$I,"Energy Star Washer/Dryer",'Initiative Log'!$K:$K,"Completed") -> 112500 | F41: =SUMIFS('Initiative Log'!$T:$T,'Initiative Log'!$I:$I,"Energy Star Washer/Dryer",'Initiative Log'!$K:$K,"Completed") -> 110550 | G41: =SUMIFS('Initiative Log'!$U:$U,'Initiative Log'!$I:$I,"Energy Star Washer/Dryer",'Initiative Log'!$K:$K,"Completed") -> 900 | H41: =SUMIFS('Initiative Log'!$V:$V,'Initiative Log'!$I:$I,"Energy Star Washer/Dryer",'Initiative Log'!$K:$K,"Completed") -> 111450 | I41: =SUMIFS('Initiative Log'!$O:$O,'Initiative Log'!$I:$I,"Energy Star Washer/Dryer",'Initiative Log'!$K:$K,"Completed") -> 0
B42: Energy Star AC Unit | C42: =COUNTIFS('Initiative Log'!$I:$I,"Energy Star AC Unit",'Initiative Log'!$K:$K,"Completed") -> 1 | D42: =SUMIFS('Initiative Log'!$P:$P,'Initiative Log'!$I:$I,"Energy Star AC Unit",'Initiative Log'!$K:$K,"Completed") -> 187500 | E42: =SUMIFS('Initiative Log'!$Q:$Q,'Initiative Log'!$I:$I,"Energy Star AC Unit",'Initiative Log'!$K:$K,"Completed") -> 0 | F42: =SUMIFS('Initiative Log'!$T:$T,'Initiative Log'!$I:$I,"Energy Star AC Unit",'Initiative Log'!$K:$K,"Completed") -> 41250 | G42: =SUMIFS('Initiative Log'!$U:$U,'Initiative Log'!$I:$I,"Energy Star AC Unit",'Initiative Log'!$K:$K,"Completed") -> 0 | H42: =SUMIFS('Initiative Log'!$V:$V,'Initiative Log'!$I:$I,"Energy Star AC Unit",'Initiative Log'!$K:$K,"Completed") -> 41250 | I42: =SUMIFS('Initiative Log'!$O:$O,'Initiative Log'!$I:$I,"Energy Star AC Unit",'Initiative Log'!$K:$K,"Completed") -> 0
B43: Low-Flow Shower Head | C43: =COUNTIFS('Initiative Log'!$I:$I,"Low-Flow Shower Head",'Initiative Log'!$K:$K,"Completed") -> 1 | D43: =SUMIFS('Initiative Log'!$P:$P,'Initiative Log'!$I:$I,"Low-Flow Shower Head",'Initiative Log'!$K:$K,"Completed") -> 0 | E43: =SUMIFS('Initiative Log'!$Q:$Q,'Initiative Log'!$I:$I,"Low-Flow Shower Head",'Initiative Log'!$K:$K,"Completed") -> 2025000 | F43: =SUMIFS('Initiative Log'!$T:$T,'Initiative Log'!$I:$I,"Low-Flow Shower Head",'Initiative Log'!$K:$K,"Completed") -> 0 | G43: =SUMIFS('Initiative Log'!$U:$U,'Initiative Log'!$I:$I,"Low-Flow Shower Head",'Initiative Log'!$K:$K,"Completed") -> 16200 | H43: =SUMIFS('Initiative Log'!$V:$V,'Initiative Log'!$I:$I,"Low-Flow Shower Head",'Initiative Log'!$K:$K,"Completed") -> 16200
B44: Other | C44: =COUNTIFS('Initiative Log'!$I:$I,"Other",'Initiative Log'!$K:$K,"Completed") -> 0 | D44: =SUMIFS('Initiative Log'!$P:$P,'Initiative Log'!$I:$I,"Other",'Initiative Log'!$K:$K,"Completed") -> 0 | E44: =SUMIFS('Initiative Log'!$Q:$Q,'Initiative Log'!$I:$I,"Other",'Initiative Log'!$K:$K,"Completed") -> 0 | F44: =SUMIFS('Initiative Log'!$T:$T,'Initiative Log'!$I:$I,"Other",'Initiative Log'!$K:$K,"Completed") -> 0 | G44: =SUMIFS('Initiative Log'!$U:$U,'Initiative Log'!$I:$I,"Other",'Initiative Log'!$K:$K,"Completed") -> 0 | H44: =SUMIFS('Initiative Log'!$V:$V,'Initiative Log'!$I:$I,"Other",'Initiative Log'!$K:$K,"Completed") -> 0 | I44: =SUMIFS('Initiative Log'!$O:$O,'Initiative Log'!$I:$I,"Other",'Initiative Log'!$K:$K,"Completed") -> 0
B47: WATER CONSERVATION
B48: Initiative Type | C48: # Completed | D48: Baseline Water Use (gal/yr) | E48: Current Water Use (gal/yr) | F48: Water Saved (gal/yr) | G48: Water Saved (%) | H48: Annual Water $ Savings
B49: Low-Flow Toilet | C49: =COUNTIFS('Initiative Log'!$I:$I,"Low-Flow Toilet",'Initiative Log'!$K:$K,"Completed") -> 1 | D49: =SUMIFS('Initiative Log'!$Y:$Y,'Initiative Log'!$I:$I,"Low-Flow Toilet",'Initiative Log'!$K:$K,"Completed") -> 2700000 | E49: =SUMIFS('Initiative Log'!$Z:$Z,'Initiative Log'!$I:$I,"Low-Flow Toilet",'Initiative Log'!$K:$K,"Completed") -> 1200000 | F49: =SUMIFS('Initiative Log'!$Q:$Q,'Initiative Log'!$I:$I,"Low-Flow Toilet",'Initiative Log'!$K:$K,"Completed") -> 1500000 | G49: =IFERROR(F49/D49,"-") -> 0.55555556 | H49: =SUMIFS('Initiative Log'!$U:$U,'Initiative Log'!$I:$I,"Low-Flow Toilet",'Initiative Log'!$K:$K,"Completed") -> 12000
B50: Low-Flow Shower Head | C50: =COUNTIFS('Initiative Log'!$I:$I,"Low-Flow Shower Head",'Initiative Log'!$K:$K,"Completed") -> 1 | D50: =SUMIFS('Initiative Log'!$Y:$Y,'Initiative Log'!$I:$I,"Low-Flow Shower Head",'Initiative Log'!$K:$K,"Completed") -> 6750000 | E50: =SUMIFS('Initiative Log'!$Z:$Z,'Initiative Log'!$I:$I,"Low-Flow Shower Head",'Initiative Log'!$K:$K,"Completed") -> 4725000 | F50: =SUMIFS('Initiative Log'!$Q:$Q,'Initiative Log'!$I:$I,"Low-Flow Shower Head",'Initiative Log'!$K:$K,"Completed") -> 2025000 | G50: =IFERROR(F50/D50,"-") -> 0.3 | H50: =SUMIFS('Initiative Log'!$U:$U,'Initiative Log'!$I:$I,"Low-Flow Shower Head",'Initiative Log'!$K:$K,"Completed") -> 16200
B51: Low-Flow Faucet (Bathroom) | C51: =COUNTIFS('Initiative Log'!$I:$I,"Low-Flow Faucet (Bathroom)",'Initiative Log'!$K:$K,"Completed") -> 1 | D51: =SUMIFS('Initiative Log'!$Y:$Y,'Initiative Log'!$I:$I,"Low-Flow Faucet (Bathroom)",'Initiative Log'!$K:$K,"Completed") -> 1968750 | E51: =SUMIFS('Initiative Log'!$Z:$Z,'Initiative Log'!$I:$I,"Low-Flow Faucet (Bathroom)",'Initiative Log'!$K:$K,"Completed") -> 1350000 | F51: =SUMIFS('Initiative Log'!$Q:$Q,'Initiative Log'!$I:$I,"Low-Flow Faucet (Bathroom)",'Initiative Log'!$K:$K,"Completed") -> 618750 | G51: =IFERROR(F51/D51,"-") -> 0.31428571 | H51: =SUMIFS('Initiative Log'!$U:$U,'Initiative Log'!$I:$I,"Low-Flow Faucet (Bathroom)",'Initiative Log'!$K:$K,"Completed") -> 4950
B52: Low-Flow Faucet (Kitchen) | C52: =COUNTIFS('Initiative Log'!$I:$I,"Low-Flow Faucet (Kitchen)",'Initiative Log'!$K:$K,"Completed") -> 1 | D52: =SUMIFS('Initiative Log'!$Y:$Y,'Initiative Log'!$I:$I,"Low-Flow Faucet (Kitchen)",'Initiative Log'!$K:$K,"Completed") -> 2625000 | E52: =SUMIFS('Initiative Log'!$Z:$Z,'Initiative Log'!$I:$I,"Low-Flow Faucet (Kitchen)",'Initiative Log'!$K:$K,"Completed") -> 1800000 | F52: =SUMIFS('Initiative Log'!$Q:$Q,'Initiative Log'!$I:$I,"Low-Flow Faucet (Kitchen)",'Initiative Log'!$K:$K,"Completed") -> 825000 | G52: =IFERROR(F52/D52,"-") -> 0.31428571 | H52: =SUMIFS('Initiative Log'!$U:$U,'Initiative Log'!$I:$I,"Low-Flow Faucet (Kitchen)",'Initiative Log'!$K:$K,"Completed") -> 6600
B53: Energy Star Dishwasher | C53: =COUNTIFS('Initiative Log'!$I:$I,"Energy Star Dishwasher",'Initiative Log'!$K:$K,"Completed") -> 1 | D53: =SUMIFS('Initiative Log'!$Y:$Y,'Initiative Log'!$I:$I,"Energy Star Dishwasher",'Initiative Log'!$K:$K,"Completed") -> 3750000 | E53: =SUMIFS('Initiative Log'!$Z:$Z,'Initiative Log'!$I:$I,"Energy Star Dishwasher",'Initiative Log'!$K:$K,"Completed") -> 3412500 | F53: =SUMIFS('Initiative Log'!$Q:$Q,'Initiative Log'!$I:$I,"Energy Star Dishwasher",'Initiative Log'!$K:$K,"Completed") -> 337500 | G53: =IFERROR(F53/D53,"-") -> 0.09 | H53: =SUMIFS('Initiative Log'!$U:$U,'Initiative Log'!$I:$I,"Energy Star Dishwasher",'Initiative Log'!$K:$K,"Completed") -> 2700
B54: Energy Star Washer/Dryer | C54: =COUNTIFS('Initiative Log'!$I:$I,"Energy Star Washer/Dryer",'Initiative Log'!$K:$K,"Completed") -> 1 | D54: =SUMIFS('Initiative Log'!$Y:$Y,'Initiative Log'!$I:$I,"Energy Star Washer/Dryer",'Initiative Log'!$K:$K,"Completed") -> 2625000 | E54: =SUMIFS('Initiative Log'!$Z:$Z,'Initiative Log'!$I:$I,"Energy Star Washer/Dryer",'Initiative Log'!$K:$K,"Completed") -> 2512500 | F54: =SUMIFS('Initiative Log'!$Q:$Q,'Initiative Log'!$I:$I,"Energy Star Washer/Dryer",'Initiative Log'!$K:$K,"Completed") -> 112500 | G54: =IFERROR(F54/D54,"-") -> 0.042857143 | H54: =SUMIFS('Initiative Log'!$U:$U,'Initiative Log'!$I:$I,"Energy Star Washer/Dryer",'Initiative Log'!$K:$K,"Completed") -> 900
B55: Other | C55: =COUNTIFS('Initiative Log'!$I:$I,"Other",'Initiative Log'!$K:$K,"Completed") -> 0 | D55: =SUMIFS('Initiative Log'!$Y:$Y,'Initiative Log'!$I:$I,"Other",'Initiative Log'!$K:$K,"Completed") -> 0 | E55: =SUMIFS('Initiative Log'!$Z:$Z,'Initiative Log'!$I:$I,"Other",'Initiative Log'!$K:$K,"Completed") -> 0 | F55: =SUMIFS('Initiative Log'!$Q:$Q,'Initiative Log'!$I:$I,"Other",'Initiative Log'!$K:$K,"Completed") -> 0 | G55: =IFERROR(F55/D55,"-") -> - | H55: =SUMIFS('Initiative Log'!$U:$U,'Initiative Log'!$I:$I,"Other",'Initiative Log'!$K:$K,"Completed") -> 0
B56: PORTFOLIO TOTAL | C56: =SUM(C49:C55) -> 6 | D56: =SUM(D49:D55) -> 20418750 | E56: =SUM(E49:E55) -> 15000000 | F56: =SUM(F49:F55) -> 5418750 | G56: =IFERROR(F56/D56,"-") -> 0.26538108 | H56: =SUM(H49:H55) -> 43350
B59: ANNUAL PERFORMANCE SUMMARY (Completed Initiatives by Calendar Year)
B60: Tip: Filter Initiative Log by Fiscal Year (col AA) or Quarter (col AB) for period-specific views.
B61: Year | C61: # Initiatives Completed | D61: Annual kWh Saved | E61: Annual Gal Saved | F61: Annual Energy $ Savings | G61: Annual Water $ Savings | H61: Total Annual $ Savings | I61: Cumulative $ Savings
B62: 2023 | C62: =COUNTIFS('Initiative Log'!$AA:$AA,2023,'Initiative Log'!$K:$K,"Completed") -> 0 | D62: =SUMIFS('Initiative Log'!$P:$P,'Initiative Log'!$AA:$AA,2023,'Initiative Log'!$K:$K,"Completed") -> 0 | E62: =SUMIFS('Initiative Log'!$Q:$Q,'Initiative Log'!$AA:$AA,2023,'Initiative Log'!$K:$K,"Completed") -> 0 | F62: =SUMIFS('Initiative Log'!$T:$T,'Initiative Log'!$AA:$AA,2023,'Initiative Log'!$K:$K,"Completed") -> 0 | G62: =SUMIFS('Initiative Log'!$U:$U,'Initiative Log'!$AA:$AA,2023,'Initiative Log'!$K:$K,"Completed") -> 0 | H62: =SUMIFS('Initiative Log'!$V:$V,'Initiative Log'!$AA:$AA,2023,'Initiative Log'!$K:$K,"Completed") -> 0 | I62: =SUMIFS('Initiative Log'!$V:$V,'Initiative Log'!$AA:$AA,2023,'Initiative Log'!$K:$K,"Completed") -> 0
B63: 2024 | C63: =COUNTIFS('Initiative Log'!$AA:$AA,2024,'Initiative Log'!$K:$K,"Completed") -> 0 | D63: =SUMIFS('Initiative Log'!$P:$P,'Initiative Log'!$AA:$AA,2024,'Initiative Log'!$K:$K,"Completed") -> 0 | E63: =SUMIFS('Initiative Log'!$Q:$Q,'Initiative Log'!$AA:$AA,2024,'Initiative Log'!$K:$K,"Completed") -> 0 | F63: =SUMIFS('Initiative Log'!$T:$T,'Initiative Log'!$AA:$AA,2024,'Initiative Log'!$K:$K,"Completed") -> 0 | G63: =SUMIFS('Initiative Log'!$U:$U,'Initiative Log'!$AA:$AA,2024,'Initiative Log'!$K:$K,"Completed") -> 0 | H63: =SUMIFS('Initiative Log'!$V:$V,'Initiative Log'!$AA:$AA,2024,'Initiative Log'!$K:$K,"Completed") -> 0 | I63: =SUMIFS('Initiative Log'!$V:$V,'Initiative Log'!$AA:$AA,2023,'Initiative Log'!$K:$K,"Completed")+SUMIFS('Initiative Log'!$V:$V,'Initiative Log'!$AA:$AA,2024,'Initiative Log'!$K:$K,"Completed") -> 0
B64: 2025 | C64: =COUNTIFS('Initiative Log'!$AA:$AA,2025,'Initiative Log'!$K:$K,"Completed") -> 10 | D64: =SUMIFS('Initiative Log'!$P:$P,'Initiative Log'!$AA:$AA,2025,'Initiative Log'!$K:$K,"Completed") -> 1180312.5 | E64: =SUMIFS('Initiative Log'!$Q:$Q,'Initiative Log'!$AA:$AA,2025,'Initiative Log'!$K:$K,"Completed") -> 5418750 | F64: =SUMIFS('Initiative Log'!$T:$T,'Initiative Log'!$AA:$AA,2025,'Initiative Log'!$K:$K,"Completed") -> 259668.75 | G64: =SUMIFS('Initiative Log'!$U:$U,'Initiative Log'!$AA:$AA,2025,'Initiative Log'!$K:$K,"Completed") -> 43350 | H64: =SUMIFS('Initiative Log'!$V:$V,'Initiative Log'!$AA:$AA,2025,'Initiative Log'!$K:$K,"Completed") -> 303018.75 | I64: =SUMIFS('Initiative Log'!$V:$V,'Initiative Log'!$AA:$AA,2023,'Initiative Log'!$K:$K,"Completed")+SUMIFS('Initiative Log'!$V:$V,'Initiative Log'!$AA:$AA,2024,'Initiative Log'!$K:$K,"Completed")+SUMIFS('Initiative Log'!$V:$V,'Initiative Log'!$AA:$AA,2025,'Initiative Log'!$K:$K,"Completed") -> 303018.75
B65: 2026 | C65: =COUNTIFS('Initiative Log'!$AA:$AA,2026,'Initiative Log'!$K:$K,"Completed") -> 0 | D65: =SUMIFS('Initiative Log'!$P:$P,'Initiative Log'!$AA:$AA,2026,'Initiative Log'!$K:$K,"Completed") -> 0 | E65: =SUMIFS('Initiative Log'!$Q:$Q,'Initiative Log'!$AA:$AA,2026,'Initiative Log'!$K:$K,"Completed") -> 0 | F65: =SUMIFS('Initiative Log'!$T:$T,'Initiative Log'!$AA:$AA,2026,'Initiative Log'!$K:$K,"Completed") -> 0 | G65: =SUMIFS('Initiative Log'!$U:$U,'Initiative Log'!$AA:$AA,2026,'Initiative Log'!$K:$K,"Completed") -> 0 | H65: =SUMIFS('Initiative Log'!$V:$V,'Initiative Log'!$AA:$AA,2026,'Initiative Log'!$K:$K,"Completed") -> 0 | I65: =SUMIFS('Initiative Log'!$V:$V,'Initiative Log'!$AA:$AA,2023,'Initiative Log'!$K:$K,"Completed")+SUMIFS('Initiative Log'!$V:$V,'Initiative Log'!$AA:$AA,2024,'Initiative Log'!$K:$K,"Completed")+SUMIFS('Initiative Log'!$V:$V,'Initiative Log'!$AA:$AA,2025,'Initiative Log'!$K:$K,"Completed")+SUMIFS('Initiative Log'!$V:$V,'Initiative Log'!$AA:$AA,2026,'Initiative Log'!$K:$K,"Completed") -> 303018.75
B66: ALL YEARS | C66: =SUM(C61:C64) -> 10 | D66: =SUM(D61:D64) -> 1180312.5 | E66: =SUM(E61:E64) -> 5418750 | F66: =SUM(F61:F64) -> 259668.75 | G66: =SUM(G61:G64) -> 43350 | H66: =SUM(H61:H64) -> 303018.75 | I66: =I64 -> 303018.75
B69: RENOVATION PROGRESS BY UNIT TYPE (All Logged Initiatives)
B70: Tracks units planned and completed per initiative. Update 'Units Planned' (col AD) and 'Units Renovated' (col AE) in Initiative Log to reflect progress.
B71: Unit Type | C71: # Initiatives Logged | D71: Units Planned | E71: Units Renovated | F71: % Renovation Complete | G71: Completed Initiatives | H71: Annual $ Savings (Comp.)
B72: Studio | C72: =COUNTIF('Initiative Log'!$AC:$AC,"Studio") -> 0 | D72: =SUMIF('Initiative Log'!$AC:$AC,"Studio",'Initiative Log'!$AD:$AD) -> 0 | E72: =SUMIF('Initiative Log'!$AC:$AC,"Studio",'Initiative Log'!$AE:$AE) -> 0 | F72: =IFERROR(E72/D72,"-") -> - | G72: =COUNTIFS('Initiative Log'!$AC:$AC,"Studio",'Initiative Log'!$K:$K,"Completed") -> 0 | H72: =SUMIFS('Initiative Log'!$V:$V,'Initiative Log'!$AC:$AC,$B$72,'Initiative Log'!$K:$K,"Completed") -> 0
B73: 1 Bedroom | C73: =COUNTIF('Initiative Log'!$AC:$AC,"1 Bedroom") -> 10 | D73: =SUMIF('Initiative Log'!$AC:$AC,"1 Bedroom",'Initiative Log'!$AD:$AD) -> 7500 | E73: =SUMIF('Initiative Log'!$AC:$AC,"1 Bedroom",'Initiative Log'!$AE:$AE) -> 7500 | F73: =IFERROR(E73/D73,"-") -> 1 | G73: =COUNTIFS('Initiative Log'!$AC:$AC,"1 Bedroom",'Initiative Log'!$K:$K,"Completed") -> 10 | H73: =SUMIFS('Initiative Log'!$V:$V,'Initiative Log'!$AC:$AC,$B$73,'Initiative Log'!$K:$K,"Completed") -> 303018.75
B74: 2 Bedroom | C74: =COUNTIF('Initiative Log'!$AC:$AC,"2 Bedroom") -> 0 | D74: =SUMIF('Initiative Log'!$AC:$AC,"2 Bedroom",'Initiative Log'!$AD:$AD) -> 0 | E74: =SUMIF('Initiative Log'!$AC:$AC,"2 Bedroom",'Initiative Log'!$AE:$AE) -> 0 | F74: =IFERROR(E74/D74,"-") -> - | G74: =COUNTIFS('Initiative Log'!$AC:$AC,"2 Bedroom",'Initiative Log'!$K:$K,"Completed") -> 0 | H74: =SUMIFS('Initiative Log'!$V:$V,'Initiative Log'!$AC:$AC,$B$74,'Initiative Log'!$K:$K,"Completed") -> 0
B75: 3 Bedroom | C75: =COUNTIF('Initiative Log'!$AC:$AC,"3 Bedroom") -> 0 | D75: =SUMIF('Initiative Log'!$AC:$AC,"3 Bedroom",'Initiative Log'!$AD:$AD) -> 0 | E75: =SUMIF('Initiative Log'!$AC:$AC,"3 Bedroom",'Initiative Log'!$AE:$AE) -> 0 | F75: =IFERROR(E75/D75,"-") -> - | G75: =COUNTIFS('Initiative Log'!$AC:$AC,"3 Bedroom",'Initiative Log'!$K:$K,"Completed") -> 0 | H75: =SUMIFS('Initiative Log'!$V:$V,'Initiative Log'!$AC:$AC,$B$75,'Initiative Log'!$K:$K,"Completed") -> 0
B76: Mixed | C76: =COUNTIF('Initiative Log'!$AC:$AC,"Mixed") -> 0 | D76: =SUMIF('Initiative Log'!$AC:$AC,"Mixed",'Initiative Log'!$AD:$AD) -> 0 | E76: =SUMIF('Initiative Log'!$AC:$AC,"Mixed",'Initiative Log'!$AE:$AE) -> 0 | F76: =IFERROR(E76/D76,"-") -> - | G76: =COUNTIFS('Initiative Log'!$AC:$AC,"Mixed",'Initiative Log'!$K:$K,"Completed") -> 0 | H76: =SUMIFS('Initiative Log'!$V:$V,'Initiative Log'!$AC:$AC,$B$76,'Initiative Log'!$K:$K,"Completed") -> 0
B77: Common Area | C77: =COUNTIF('Initiative Log'!$AC:$AC,"Common Area") -> 0 | D77: =SUMIF('Initiative Log'!$AC:$AC,"Common Area",'Initiative Log'!$AD:$AD) -> 0 | E77: =SUMIF('Initiative Log'!$AC:$AC,"Common Area",'Initiative Log'!$AE:$AE) -> 0 | F77: =IFERROR(E77/D77,"-") -> - | G77: =COUNTIFS('Initiative Log'!$AC:$AC,"Common Area",'Initiative Log'!$K:$K,"Completed") -> 0 | H77: =SUMIFS('Initiative Log'!$V:$V,'Initiative Log'!$AC:$AC,$B$77,'Initiative Log'!$K:$K,"Completed") -> 0
B78: PORTFOLIO TOTAL | C78: =SUM(C72:C77) -> 10 | D78: =SUM(D72:D77) -> 7500 | E78: =SUM(E72:E77) -> 7500 | F78: =IFERROR(E78/D78,"-") -> 1 | G78: =SUM(G72:G77) -> 10 | H78: =SUM(H72:H77) -> 303018.75

Sheet Property Summary
B2: Property-Level ESG Savings Summary - Completed Initiatives
B3: Auto-calculated from Initiative Log (Completed initiatives only).
B4: Property | C4: Fund | D4: Region | E4: State | F4: Total Units | G4: # Initiatives (All) | H4: # Completed | I4: Annual kWh Saved | J4: Annual Gal Saved | K4: Annual $ Savings | L4: Total Capital Cost | M4: kWh / Unit | N4: Payback (yrs) | O4: Baseline Water (gal/yr) | P4: New Water (gal/yr)
B5: Prop 1 | C5: =IFERROR(VLOOKUP(B5,'Portfolio List'!$B$4:$I$76,5,FALSE()),"") -> Fund 1 | D5: =IFERROR(VLOOKUP(B5,'Portfolio List'!$B$4:$I$76,6,FALSE()),"") -> Region 1 | E5: =IFERROR(VLOOKUP(B5,'Portfolio List'!$B$4:$I$76,7,FALSE()),"") -> State 1 | F5: =IFERROR(VLOOKUP(B5,'Portfolio List'!$B$4:$I$76,4,FALSE()),"") -> 180 | G5: =COUNTIF('Initiative Log'!$D:$D,B5) -> 0 | H5: =COUNTIFS('Initiative Log'!$D:$D,B5,'Initiative Log'!$K:$K,"Completed") -> 0 | I5: =SUMIFS('Initiative Log'!$P:$P,'Initiative Log'!$D:$D,B5,'Initiative Log'!$K:$K,"Completed") -> 0 | J5: =SUMIFS('Initiative Log'!$Q:$Q,'Initiative Log'!$D:$D,B5,'Initiative Log'!$K:$K,"Completed") -> 0 | K5: =SUMIFS('Initiative Log'!$V:$V,'Initiative Log'!$D:$D,B5,'Initiative Log'!$K:$K,"Completed") -> 0 | L5: =SUMIFS('Initiative Log'!$O:$O,'Initiative Log'!$D:$D,B5) -> 0 | M5: =IFERROR(I5/F5,0) -> 0 | N5: =IFERROR(IF(OR(L5<=0,K5<=0),"",L5/K5),"-") | O5: =SUMIFS('Initiative Log'!$Y:$Y,'Initiative Log'!$D:$D,B5,'Initiative Log'!$K:$K,"Completed") -> 0 | P5: =SUMIFS('Initiative Log'!$Z:$Z,'Initiative Log'!$D:$D,B5,'Initiative Log'!$K:$K,"Completed") -> 0
B6: Prop 2 | C6: =IFERROR(VLOOKUP(B6,'Portfolio List'!$B$4:$I$76,5,FALSE()),"") -> Fund 1 | D6: =IFERROR(VLOOKUP(B6,'Portfolio List'!$B$4:$I$76,6,FALSE()),"") -> Region 1 | E6: =IFERROR(VLOOKUP(B6,'Portfolio List'!$B$4:$I$76,7,FALSE()),"") -> State 1 | F6: =IFERROR(VLOOKUP(B6,'Portfolio List'!$B$4:$I$76,4,FALSE()),"") -> 112 | G6: =COUNTIF('Initiative Log'!$D:$D,B6) -> 0 | H6: =COUNTIFS('Initiative Log'!$D:$D,B6,'Initiative Log'!$K:$K,"Completed") -> 0 | I6: =SUMIFS('Initiative Log'!$P:$P,'Initiative Log'!$D:$D,B6,'Initiative Log'!$K:$K,"Completed") -> 0 | J6: =SUMIFS('Initiative Log'!$Q:$Q,'Initiative Log'!$D:$D,B6,'Initiative Log'!$K:$K,"Completed") -> 0 | K6: =SUMIFS('Initiative Log'!$V:$V,'Initiative Log'!$D:$D,B6,'Initiative Log'!$K:$K,"Completed") -> 0 | L6: =SUMIFS('Initiative Log'!$O:$O,'Initiative Log'!$D:$D,B6) -> 0 | M6: =IFERROR(I6/F6,0) -> 0 | N6: =IFERROR(IF(OR(L6<=0,K6<=0),"",L6/K6),"-") | O6: =SUMIFS('Initiative Log'!$Y:$Y,'Initiative Log'!$D:$D,B6,'Initiative Log'!$K:$K,"Completed") -> 0 | P6: =SUMIFS('Initiative Log'!$Z:$Z,'Initiative Log'!$D:$D,B6,'Initiative Log'!$K:$K,"Completed") -> 0
B7: Prop 3 | C7: =IFERROR(VLOOKUP(B7,'Portfolio List'!$B$4:$I$76,5,FALSE()),"") -> Fund 1 | D7: =IFERROR(VLOOKUP(B7,'Portfolio List'!$B$4:$I$76,6,FALSE()),"") -> Region 1 | E7: =IFERROR(VLOOKUP(B7,'Portfolio List'!$B$4:$I$76,7,FALSE()),"") -> State 1 | F7: =IFERROR(VLOOKUP(B7,'Portfolio List'!$B$4:$I$76,4,FALSE()),"") -> 128 | G7: =COUNTIF('Initiative Log'!$D:$D,B7) -> 0 | H7: =COUNTIFS('Initiative Log'!$D:$D,B7,'Initiative Log'!$K:$K,"Completed") -> 0 | I7: =SUMIFS('Initiative Log'!$P:$P,'Initiative Log'!$D:$D,B7,'Initiative Log'!$K:$K,"Completed") -> 0 | J7: =SUMIFS('Initiative Log'!$Q:$Q,'Initiative Log'!$D:$D,B7,'Initiative Log'!$K:$K,"Completed") -> 0 | K7: =SUMIFS('Initiative Log'!$V:$V,'Initiative Log'!$D:$D,B7,'Initiative Log'!$K:$K,"Completed") -> 0 | L7: =SUMIFS('Initiative Log'!$O:$O,'Initiative Log'!$D:$D,B7) -> 0 | M7: =IFERROR(I7/F7,0) -> 0 | N7: =IFERROR(IF(OR(L7<=0,K7<=0),"",L7/K7),"-") | O7: =SUMIFS('Initiative Log'!$Y:$Y,'Initiative Log'!$D:$D,B7,'Initiative Log'!$K:$K,"Completed") -> 0 | P7: =SUMIFS('Initiative Log'!$Z:$Z,'Initiative Log'!$D:$D,B7,'Initiative Log'!$K:$K,"Completed") -> 0
B8: Prop 4 | C8: =IFERROR(VLOOKUP(B8,'Portfolio List'!$B$4:$I$76,5,FALSE()),"") -> Fund 1 | D8: =IFERROR(VLOOKUP(B8,'Portfolio List'!$B$4:$I$76,6,FALSE()),"") -> Region 1 | E8: =IFERROR(VLOOKUP(B8,'Portfolio List'!$B$4:$I$76,7,FALSE()),"") -> State 1 | F8: =IFERROR(VLOOKUP(B8,'Portfolio List'!$B$4:$I$76,4,FALSE()),"") -> 320 | G8: =COUNTIF('Initiative Log'!$D:$D,B8) -> 0 | H8: =COUNTIFS('Initiative Log'!$D:$D,B8,'Initiative Log'!$K:$K,"Completed") -> 0 | I8: =SUMIFS('Initiative Log'!$P:$P,'Initiative Log'!$D:$D,B8,'Initiative Log'!$K:$K,"Completed") -> 0 | J8: =SUMIFS('Initiative Log'!$Q:$Q,'Initiative Log'!$D:$D,B8,'Initiative Log'!$K:$K,"Completed") -> 0 | K8: =SUMIFS('Initiative Log'!$V:$V,'Initiative Log'!$D:$D,B8,'Initiative Log'!$K:$K,"Completed") -> 0 | L8: =SUMIFS('Initiative Log'!$O:$O,'Initiative Log'!$D:$D,B8) -> 0 | M8: =IFERROR(I8/F8,0) -> 0 | N8: =IFERROR(IF(OR(L8<=0,K8<=0),"",L8/K8),"-") | O8: =SUMIFS('Initiative Log'!$Y:$Y,'Initiative Log'!$D:$D,B8,'Initiative Log'!$K:$K,"Completed") -> 0 | P8: =SUMIFS('Initiative Log'!$Z:$Z,'Initiative Log'!$D:$D,B8,'Initiative Log'!$K:$K,"Completed") -> 0
B9: Prop 5 | C9: =IFERROR(VLOOKUP(B9,'Portfolio List'!$B$4:$I$76,5,FALSE()),"") -> Fund 1 | D9: =IFERROR(VLOOKUP(B9,'Portfolio List'!$B$4:$I$76,6,FALSE()),"") -> Region 1 | E9: =IFERROR(VLOOKUP(B9,'Portfolio List'!$B$4:$I$76,7,FALSE()),"") -> State 1 | F9: =IFERROR(VLOOKUP(B9,'Portfolio List'!$B$4:$I$76,4,FALSE()),"") -> 300 | G9: =COUNTIF('Initiative Log'!$D:$D,B9) -> 0 | H9: =COUNTIFS('Initiative Log'!$D:$D,B9,'Initiative Log'!$K:$K,"Completed") -> 0 | I9: =SUMIFS('Initiative Log'!$P:$P,'Initiative Log'!$D:$D,B9,'Initiative Log'!$K:$K,"Completed") -> 0 | J9: =SUMIFS('Initiative Log'!$Q:$Q,'Initiative Log'!$D:$D,B9,'Initiative Log'!$K:$K,"Completed") -> 0 | K9: =SUMIFS('Initiative Log'!$V:$V,'Initiative Log'!$D:$D,B9,'Initiative Log'!$K:$K,"Completed") -> 0 | L9: =SUMIFS('Initiative Log'!$O:$O,'Initiative Log'!$D:$D,B9) -> 0 | M9: =IFERROR(I9/F9,0) -> 0 | N9: =IFERROR(IF(OR(L9<=0,K9<=0),"",L9/K9),"-") | O9: =SUMIFS('Initiative Log'!$Y:$Y,'Initiative Log'!$D:$D,B9,'Initiative Log'!$K:$K,"Completed") -> 0 | P9: =SUMIFS('Initiative Log'!$Z:$Z,'Initiative Log'!$D:$D,B9,'Initiative Log'!$K:$K,"Completed") -> 0
B10: Prop 6 | C10: =IFERROR(VLOOKUP(B10,'Portfolio List'!$B$4:$I$76,5,FALSE()),"") -> Fund 1 | D10: =IFERROR(VLOOKUP(B10,'Portfolio List'!$B$4:$I$76,6,FALSE()),"") -> Region 1 | E10: =IFERROR(VLOOKUP(B10,'Portfolio List'!$B$4:$I$76,7,FALSE()),"") -> State 1 | F10: =IFERROR(VLOOKUP(B10,'Portfolio List'!$B$4:$I$76,4,FALSE()),"") -> 144 | G10: =COUNTIF('Initiative Log'!$D:$D,B10) -> 0 | H10: =COUNTIFS('Initiative Log'!$D:$D,B10,'Initiative Log'!$K:$K,"Completed") -> 0 | I10: =SUMIFS('Initiative Log'!$P:$P,'Initiative Log'!$D:$D,B10,'Initiative Log'!$K:$K,"Completed") -> 0 | J10: =SUMIFS('Initiative Log'!$Q:$Q,'Initiative Log'!$D:$D,B10,'Initiative Log'!$K:$K,"Completed") -> 0 | K10: =SUMIFS('Initiative Log'!$V:$V,'Initiative Log'!$D:$D,B10,'Initiative Log'!$K:$K,"Completed") -> 0 | L10: =SUMIFS('Initiative Log'!$O:$O,'Initiative Log'!$D:$D,B10) -> 0 | M10: =IFERROR(I10/F10,0) -> 0 | N10: =IFERROR(IF(OR(L10<=0,K10<=0),"",L10/K10),"-") | O10: =SUMIFS('Initiative Log'!$Y:$Y,'Initiative Log'!$D:$D,B10,'Initiative Log'!$K:$K,"Completed") -> 0 | P10: =SUMIFS('Initiative Log'!$Z:$Z,'Initiative Log'!$D:$D,B10,'Initiative Log'!$K:$K,"Completed") -> 0
B11: Prop 7 | C11: =IFERROR(VLOOKUP(B11,'Portfolio List'!$B$4:$I$76,5,FALSE()),"") -> Fund 1 | D11: =IFERROR(VLOOKUP(B11,'Portfolio List'!$B$4:$I$76,6,FALSE()),"") -> Region 2 | E11: =IFERROR(VLOOKUP(B11,'Portfolio List'!$B$4:$I$76,7,FALSE()),"") -> State 1 | F11: =IFERROR(VLOOKUP(B11,'Portfolio List'!$B$4:$I$76,4,FALSE()),"") -> 482 | G11: =COUNTIF('Initiative Log'!$D:$D,B11) -> 0 | H11: =COUNTIFS('Initiative Log'!$D:$D,B11,'Initiative Log'!$K:$K,"Completed") -> 0 | I11: =SUMIFS('Initiative Log'!$P:$P,'Initiative Log'!$D:$D,B11,'Initiative Log'!$K:$K,"Completed") -> 0 | J11: =SUMIFS('Initiative Log'!$Q:$Q,'Initiative Log'!$D:$D,B11,'Initiative Log'!$K:$K,"Completed") -> 0 | K11: =SUMIFS('Initiative Log'!$V:$V,'Initiative Log'!$D:$D,B11,'Initiative Log'!$K:$K,"Completed") -> 0 | L11: =SUMIFS('Initiative Log'!$O:$O,'Initiative Log'!$D:$D,B11) -> 0 | M11: =IFERROR(I11/F11,0) -> 0 | N11: =IFERROR(IF(OR(L11<=0,K11<=0),"",L11/K11),"-") | O11: =SUMIFS('Initiative Log'!$Y:$Y,'Initiative Log'!$D:$D,B11,'Initiative Log'!$K:$K,"Completed") -> 0 | P11: =SUMIFS('Initiative Log'!$Z:$Z,'Initiative Log'!$D:$D,B11,'Initiative Log'!$K:$K,"Completed") -> 0
B12: Prop 8 | C12: =IFERROR(VLOOKUP(B12,'Portfolio List'!$B$4:$I$76,5,FALSE()),"") -> Fund 1 | D12: =IFERROR(VLOOKUP(B12,'Portfolio List'!$B$4:$I$76,6,FALSE()),"") -> Region 1 | E12: =IFERROR(VLOOKUP(B12,'Portfolio List'!$B$4:$I$76,7,FALSE()),"") -> State 1 | F12: =IFERROR(VLOOKUP(B12,'Portfolio List'!$B$4:$I$76,4,FALSE()),"") -> 44 | G12: =COUNTIF('Initiative Log'!$D:$D,B12) -> 0 | H12: =COUNTIFS('Initiative Log'!$D:$D,B12,'Initiative Log'!$K:$K,"Completed") -> 0 | I12: =SUMIFS('Initiative Log'!$P:$P,'Initiative Log'!$D:$D,B12,'Initiative Log'!$K:$K,"Completed") -> 0 | J12: =SUMIFS('Initiative Log'!$Q:$Q,'Initiative Log'!$D:$D,B12,'Initiative Log'!$K:$K,"Completed") -> 0 | K12: =SUMIFS('Initiative Log'!$V:$V,'Initiative Log'!$D:$D,B12,'Initiative Log'!$K:$K,"Completed") -> 0 | L12: =SUMIFS('Initiative Log'!$O:$O,'Initiative Log'!$D:$D,B12) -> 0 | M12: =IFERROR(I12/F12,0) -> 0 | N12: =IFERROR(IF(OR(L12<=0,K12<=0),"",L12/K12),"-") | O12: =SUMIFS('Initiative Log'!$Y:$Y,'Initiative Log'!$D:$D,B12,'Initiative Log'!$K:$K,"Completed") -> 0 | P12: =SUMIFS('Initiative Log'!$Z:$Z,'Initiative Log'!$D:$D,B12,'Initiative Log'!$K:$K,"Completed") -> 0
B13: Prop 9 | C13: =IFERROR(VLOOKUP(B13,'Portfolio List'!$B$4:$I$76,5,FALSE()),"") -> Fund 1 | D13: =IFERROR(VLOOKUP(B13,'Portfolio List'!$B$4:$I$76,6,FALSE()),"") -> Region 1 | E13: =IFERROR(VLOOKUP(B13,'Portfolio List'!$B$4:$I$76,7,FALSE()),"") -> State 1 | F13: =IFERROR(VLOOKUP(B13,'Portfolio List'!$B$4:$I$76,4,FALSE()),"") -> 184 | G13: =COUNTIF('Initiative Log'!$D:$D,B13) -> 0 | H13: =COUNTIFS('Initiative Log'!$D:$D,B13,'Initiative Log'!$K:$K,"Completed") -> 0 | I13: =SUMIFS('Initiative Log'!$P:$P,'Initiative Log'!$D:$D,B13,'Initiative Log'!$K:$K,"Completed") -> 0 | J13: =SUMIFS('Initiative Log'!$Q:$Q,'Initiative Log'!$D:$D,B13,'Initiative Log'!$K:$K,"Completed") -> 0 | K13: =SUMIFS('Initiative Log'!$V:$V,'Initiative Log'!$D:$D,B13,'Initiative Log'!$K:$K,"Completed") -> 0 | L13: =SUMIFS('Initiative Log'!$O:$O,'Initiative Log'!$D:$D,B13) -> 0 | M13: =IFERROR(I13/F13,0) -> 0 | N13: =IFERROR(IF(OR(L13<=0,K13<=0),"",L13/K13),"-") | O13: =SUMIFS('Initiative Log'!$Y:$Y,'Initiative Log'!$D:$D,B13,'Initiative Log'!$K:$K,"Completed") -> 0 | P13: =SUMIFS('Initiative Log'!$Z:$Z,'Initiative Log'!$D:$D,B13,'Initiative Log'!$K:$K,"Completed") -> 0
B14: Prop 10 | C14: =IFERROR(VLOOKUP(B14,'Portfolio List'!$B$4:$I$76,5,FALSE()),"") -> Fund 1 | D14: =IFERROR(VLOOKUP(B14,'Portfolio List'!$B$4:$I$76,6,FALSE()),"") -> Region 1 | E14: =IFERROR(VLOOKUP(B14,'Portfolio List'!$B$4:$I$76,7,FALSE()),"") -> State 1 | F14: =IFERROR(VLOOKUP(B14,'Portfolio List'!$B$4:$I$76,4,FALSE()),"") -> 45 | G14: =COUNTIF('Initiative Log'!$D:$D,B14) -> 0 | H14: =COUNTIFS('Initiative Log'!$D:$D,B14,'Initiative Log'!$K:$K,"Completed") -> 0 | I14: =SUMIFS('Initiative Log'!$P:$P,'Initiative Log'!$D:$D,B14,'Initiative Log'!$K:$K,"Completed") -> 0 | J14: =SUMIFS('Initiative Log'!$Q:$Q,'Initiative Log'!$D:$D,B14,'Initiative Log'!$K:$K,"Completed") -> 0 | K14: =SUMIFS('Initiative Log'!$V:$V,'Initiative Log'!$D:$D,B14,'Initiative Log'!$K:$K,"Completed") -> 0 | L14: =SUMIFS('Initiative Log'!$O:$O,'Initiative Log'!$D:$D,B14) -> 0 | M14: =IFERROR(I14/F14,0) -> 0 | N14: =IFERROR(IF(OR(L14<=0,K14<=0),"",L14/K14),"-") | O14: =SUMIFS('Initiative Log'!$Y:$Y,'Initiative Log'!$D:$D,B14,'Initiative Log'!$K:$K,"Completed") -> 0 | P14: =SUMIFS('Initiative Log'!$Z:$Z,'Initiative Log'!$D:$D,B14,'Initiative Log'!$K:$K,"Completed") -> 0
B15: Prop 11 | C15: =IFERROR(VLOOKUP(B15,'Portfolio List'!$B$4:$I$76,5,FALSE()),"") -> Fund 2 | D15: =IFERROR(VLOOKUP(B15,'Portfolio List'!$B$4:$I$76,6,FALSE()),"") -> Region 1 | E15: =IFERROR(VLOOKUP(B15,'Portfolio List'!$B$4:$I$76,7,FALSE()),"") -> State 1 | F15: =IFERROR(VLOOKUP(B15,'Portfolio List'!$B$4:$I$76,4,FALSE()),"") -> 232 | G15: =COUNTIF('Initiative Log'!$D:$D,B15) -> 0 | H15: =COUNTIFS('Initiative Log'!$D:$D,B15,'Initiative Log'!$K:$K,"Completed") -> 0 | I15: =SUMIFS('Initiative Log'!$P:$P,'Initiative Log'!$D:$D,B15,'Initiative Log'!$K:$K,"Completed") -> 0 | J15: =SUMIFS('Initiative Log'!$Q:$Q,'Initiative Log'!$D:$D,B15,'Initiative Log'!$K:$K,"Completed") -> 0 | K15: =SUMIFS('Initiative Log'!$V:$V,'Initiative Log'!$D:$D,B15,'Initiative Log'!$K:$K,"Completed") -> 0 | L15: =SUMIFS('Initiative Log'!$O:$O,'Initiative Log'!$D:$D,B15) -> 0 | M15: =IFERROR(I15/F15,0) -> 0 | N15: =IFERROR(IF(OR(L15<=0,K15<=0),"",L15/K15),"-") | O15: =SUMIFS('Initiative Log'!$Y:$Y,'Initiative Log'!$D:$D,B15,'Initiative Log'!$K:$K,"Completed") -> 0 | P15: =SUMIFS('Initiative Log'!$Z:$Z,'Initiative Log'!$D:$D,B15,'Initiative Log'!$K:$K,"Completed") -> 0
B16: Prop 12 | C16: =IFERROR(VLOOKUP(B16,'Portfolio List'!$B$4:$I$76,5,FALSE()),"") -> Fund 1 | D16: =IFERROR(VLOOKUP(B16,'Portfolio List'!$B$4:$I$76,6,FALSE()),"") -> Region 1 | E16: =IFERROR(VLOOKUP(B16,'Portfolio List'!$B$4:$I$76,7,FALSE()),"") -> State 1 | F16: =IFERROR(VLOOKUP(B16,'Portfolio List'!$B$4:$I$76,4,FALSE()),"") -> 44 | G16: =COUNTIF('Initiative Log'!$D:$D,B16) -> 0 | H16: =COUNTIFS('Initiative Log'!$D:$D,B16,'Initiative Log'!$K:$K,"Completed") -> 0 | I16: =SUMIFS('Initiative Log'!$P:$P,'Initiative Log'!$D:$D,B16,'Initiative Log'!$K:$K,"Completed") -> 0 | J16: =SUMIFS('Initiative Log'!$Q:$Q,'Initiative Log'!$D:$D,B16,'Initiative Log'!$K:$K,"Completed") -> 0 | K16: =SUMIFS('Initiative Log'!$V:$V,'Initiative Log'!$D:$D,B16,'Initiative Log'!$K:$K,"Completed") -> 0 | L16: =SUMIFS('Initiative Log'!$O:$O,'Initiative Log'!$D:$D,B16) -> 0 | M16: =IFERROR(I16/F16,0) -> 0 | N16: =IFERROR(IF(OR(L16<=0,K16<=0),"",L16/K16),"-") | O16: =SUMIFS('Initiative Log'!$Y:$Y,'Initiative Log'!$D:$D,B16,'Initiative Log'!$K:$K,"Completed") -> 0 | P16: =SUMIFS('Initiative Log'!$Z:$Z,'Initiative Log'!$D:$D,B16,'Initiative Log'!$K:$K,"Completed") -> 0
... B77: Prop 73 | C77: =IFERROR(VLOOKUP(B77,'Portfolio List'!$B$4:$I$76,5,FALSE()),"") -> Fund 7 | D77: =IFERROR(VLOOKUP(B77,'Portfolio List'!$B$4:$I$76,6,FALSE()),"") -> Region 8 | E77: =IFERROR(VLOOKUP(B77,'Portfolio List'!$B$4:$I$76,7,FALSE()),"") -> State 1 | F77: =IFERROR(VLOOKUP(B77,'Portfolio List'!$B$4:$I$76,4,FALSE()),"") -> 750 | G77: =COUNTIF('Initiative Log'!$D:$D,B77) -> 10 | H77: =COUNTIFS('Initiative Log'!$D:$D,B77,'Initiative Log'!$K:$K,"Completed") -> 10 | I77: =SUMIFS('Initiative Log'!$P:$P,'Initiative Log'!$D:$D,B77,'Initiative Log'!$K:$K,"Completed") -> 1180312.5 | J77: =SUMIFS('Initiative Log'!$Q:$Q,'Initiative Log'!$D:$D,B77,'Initiative Log'!$K:$K,"Completed") -> 5418750 | K77: =SUMIFS('Initiative Log'!$V:$V,'Initiative Log'!$D:$D,B77,'Initiative Log'!$K:$K,"Completed") -> 303018.75 | L77: =SUMIFS('Initiative Log'!$O:$O,'Initiative Log'!$D:$D,B77) -> 0 | M77: =IFERROR(I77/F77,0) -> 1573.75 | N77: =IFERROR(IF(OR(L77<=0,K77<=0),"",L77/K77),"-") | O77: =SUMIFS('Initiative Log'!$Y:$Y,'Initiative Log'!$D:$D,B77,'Initiative Log'!$K:$K,"Completed") -> 20418750 | P77: =SUMIFS('Initiative Log'!$Z:$Z,'Initiative Log'!$D:$D,B77,'Initiative Log'!$K:$K,"Completed") -> 15000000
B78: PORTFOLIO TOTAL | F78: =SUM(F5:F77) -> 13899 | G78: =SUM(G5:G77) -> 10 | H78: =SUM(H5:H77) -> 10 | I78: =SUM(I5:I77) -> 1180312.5 | J78: =SUM(J5:J77) -> 5418750 | K78: =SUM(K5:K77) -> 303018.75 | L78: =SUM(L5:L77) -> 0 | O78: =SUM(O5:O77) -> 20418750 | P78: =SUM(P5:P77) -> 15000000

Sheet Initiative Log
B2: ESG Initiative Log
B3: Enter one row per ESG initiative per property. Blue text = editable input cells. Black text = auto-calculated formulas - do not edit.
B4: ID | C4: DATE | D4: PROPERTY INFO | I4: INITIATIVE | K4: STATUS | M4: QUANTITY INPUTS | O4: COST | P4: SAVINGS CALCULATION | T4: ANNUAL $ IMPACT | W4: PAYBACK | X4: NOTES | Y4: BEFORE & AFTER WATER | AA4: PERIOD | AC4: RENOVATION PROGRESS
B5: # | C5: Date Logged | D5: Property | E5: Fund | F5: Region | G5: State | H5: Total Units | I5: Initiative Type | J5: Category | K5: Status | L5: Completion Date | M5: Qty | N5: Hrs/Day (LED) | O5: Upfront Cost ($) | P5: Annual kWh Saved | Q5: Annual Gal Saved | R5: Elec Rate ($/kWh) | S5: Water Rate ($/gal) | T5: Annual Energy $ Savings | U5: Annual Water $ Savings | V5: Total Annual $ Savings | W5: Payback (yrs) | X5: Notes | Y5: Baseline Water (gal/yr) | Z5: New Water (gal/yr) | AA5: Fiscal Year | AB5: Quarter | AC5: Unit Type | AD5: Units Planned | AE5: Units Renovated | AF5: % Complete
B6: 1 | C6: 45974 | D6: Prop 73 | E6: =IF(D6="","",IFERROR(VLOOKUP(D6,'Portfolio List'!$B$4:$I$76,5,FALSE()),"")) -> Fund 7 | F6: =IF(D6="","",IFERROR(VLOOKUP(D6,'Portfolio List'!$B$4:$I$76,6,FALSE()),"")) -> Region 8 | G6: =IF(D6="","",IFERROR(VLOOKUP(D6,'Portfolio List'!$B$4:$I$76,7,FALSE()),"")) -> State 1 | H6: =IF(D6="","",IFERROR(VLOOKUP(D6,'Portfolio List'!$B$4:$I$76,4,FALSE()),"")) -> 750 | I6: LED Lighting | J6: =IF(I6="","",IF(OR(I6="LED Lighting",I6="Energy Star Refrigerator",I6="Energy Star Range",I6="Energy Star AC Unit"),"Energy",IF(OR(I6="Low-Flow Toilet",I6="Low-Flow Faucet (Bathroom)",I6="Low-Flow Faucet (Kitchen)",I6="Low-Flow Shower Head"),"Water",IF(OR(I6="Energy Star Dishwasher",I6="Energy Star Washer/Dryer"),"Both","Other")))) -> Energy | K6: Completed | L6: 45974 | M6: 750 | N6: 3 | P6: =IF(D6="",0,IF(I6="LED Lighting",M6*IF(AC6="Studio",Assumptions!$C$15,IF(AC6="1 Bedroom",Assumptions!$C$16,IF(AC6="2 Bedroom",Assumptions!$C$17,IF(AC6="3 Bedroom",Assumptions!$C$18,Assumptions!$C$16))))*N6*365/1000,IFERROR(VLOOKUP(I6,Assumptions!$B$40:$H$50,2,FALSE()),0)*M6)) -> 205312.5 | Q6: =IF(D6="",0,IFERROR(VLOOKUP(I6,Assumptions!$B$40:$H$50,3,FALSE()),0)*M6) -> 0 | R6: =IF(G6="",0.2161,IFERROR(VLOOKUP(G6,Assumptions!$B$53:$C$61,2,FALSE())/100,0.2161)) -> 0.22 | S6: =IF(G6="",0,IFERROR(VLOOKUP(G6,Assumptions!$B$64:$C$72,2,FALSE())/1000,0.008)) -> 0.008 | T6: =IF(D6="","",P6*R6) -> 45168.75 | U6: =IF(D6="","",Q6*S6) -> 0 | V6: =IF(D6="","",T6+U6) -> 45168.75 | W6: =IF(OR(D6="",O6="",O6<=0,V6="",V6<=0),"",IFERROR(O6/V6,"")) | Y6: =IF(D6="","",IFERROR(VLOOKUP(I6,Assumptions!$B$40:$H$50,6,FALSE()),0)*M6) -> 0 | Z6: =IF(D6="","",IFERROR(VLOOKUP(I6,Assumptions!$B$40:$H$50,7,FALSE()),0)*M6) -> 0 | AA6: =IF(L6="","",YEAR(L6)) -> 2025 | AB6: =IF(L6="","","Q"&INT((MONTH(L6)+2)/3)) -> Q4 | AC6: 1 Bedroom | AD6: 750 | AE6: 750 | AF6: =IFERROR(AE6/AD6,"-") -> 1
B7: =IF($D7="","",B6+1) -> 2 | C7: 45974 | D7: Prop 73 | E7: =IF(D7="","",IFERROR(VLOOKUP(D7,'Portfolio List'!$B$4:$I$76,5,FALSE()),"")) -> Fund 7 | F7: =IF(D7="","",IFERROR(VLOOKUP(D7,'Portfolio List'!$B$4:$I$76,6,FALSE()),"")) -> Region 8 | G7: =IF(D7="","",IFERROR(VLOOKUP(D7,'Portfolio List'!$B$4:$I$76,7,FALSE()),"")) -> State 1 | H7: =IF(D7="","",IFERROR(VLOOKUP(D7,'Portfolio List'!$B$4:$I$76,4,FALSE()),"")) -> 750 | I7: Low-Flow Toilet | J7: =IF(I7="","",IF(OR(I7="LED Lighting",I7="Energy Star Refrigerator",I7="Energy Star Range",I7="Energy Star AC Unit"),"Energy",IF(OR(I7="Low-Flow Toilet",I7="Low-Flow Faucet (Bathroom)",I7="Low-Flow Faucet (Kitchen)",I7="Low-Flow Shower Head"),"Water",IF(OR(I7="Energy Star Dishwasher",I7="Energy Star Washer/Dryer"),"Both","Other")))) -> Water | K7: Completed | L7: 45974 | M7: 750 | P7: =IF(D7="",0,IF(I7="LED Lighting",M7*IF(AC7="Studio",Assumptions!$C$15,IF(AC7="1 Bedroom",Assumptions!$C$16,IF(AC7="2 Bedroom",Assumptions!$C$17,IF(AC7="3 Bedroom",Assumptions!$C$18,Assumptions!$C$16))))*N7*365/1000,IFERROR(VLOOKUP(I7,Assumptions!$B$40:$H$50,2,FALSE()),0)*M7)) -> 0 | Q7: =IF(D7="",0,IFERROR(VLOOKUP(I7,Assumptions!$B$40:$H$50,3,FALSE()),0)*M7) -> 1500000 | R7: =IF(G7="",0.2161,IFERROR(VLOOKUP(G7,Assumptions!$B$53:$C$61,2,FALSE())/100,0.2161)) -> 0.22 | S7: =IF(G7="",0,IFERROR(VLOOKUP(G7,Assumptions!$B$64:$C$72,2,FALSE())/1000,0.008)) -> 0.008 | T7: =IF(D7="","",P7*R7) -> 0 | U7: =IF(D7="","",Q7*S7) -> 12000 | V7: =IF(D7="","",T7+U7) -> 12000 | W7: =IF(OR(D7="",O7="",O7<=0,V7="",V7<=0),"",IFERROR(O7/V7,"")) | Y7: =IF(D7="","",IFERROR(VLOOKUP(I7,Assumptions!$B$40:$H$50,6,FALSE()),0)*M7) -> 2700000 | Z7: =IF(D7="","",IFERROR(VLOOKUP(I7,Assumptions!$B$40:$H$50,7,FALSE()),0)*M7) -> 1200000 | AA7: =IF(L7="","",YEAR(L7)) -> 2025 | AB7: =IF(L7="","","Q"&INT((MONTH(L7)+2)/3)) -> Q4 | AC7: 1 Bedroom | AD7: 750 | AE7: 750 | AF7: =IFERROR(AE7/AD7,"-") -> 1
B8: =IF($D8="","",B7+1) -> 3 | C8: 45974 | D8: Prop 73 | E8: =IF(D8="","",IFERROR(VLOOKUP(D8,'Portfolio List'!$B$4:$I$76,5,FALSE()),"")) -> Fund 7 | F8: =IF(D8="","",IFERROR(VLOOKUP(D8,'Portfolio List'!$B$4:$I$76,6,FALSE()),"")) -> Region 8 | G8: =IF(D8="","",IFERROR(VLOOKUP(D8,'Portfolio List'!$B$4:$I$76,7,FALSE()),"")) -> State 1 | H8: =IF(D8="","",IFERROR(VLOOKUP(D8,'Portfolio List'!$B$4:$I$76,4,FALSE()),"")) -> 750 | I8: Low-Flow Faucet (Bathroom) | J8: =IF(I8="","",IF(OR(I8="LED Lighting",I8="Energy Star Refrigerator",I8="Energy Star Range",I8="Energy Star AC Unit"),"Energy",IF(OR(I8="Low-Flow Toilet",I8="Low-Flow Faucet (Bathroom)",I8="Low-Flow Faucet (Kitchen)",I8="Low-Flow Shower Head"),"Water",IF(OR(I8="Energy Star Dishwasher",I8="Energy Star Washer/Dryer"),"Both","Other")))) -> Water | K8: Completed | L8: 45974 | M8: 750 | P8: =IF(D8="",0,IF(I8="LED Lighting",M8*IF(AC8="Studio",Assumptions!$C$15,IF(AC8="1 Bedroom",Assumptions!$C$16,IF(AC8="2 Bedroom",Assumptions!$C$17,IF(AC8="3 Bedroom",Assumptions!$C$18,Assumptions!$C$16))))*N8*365/1000,IFERROR(VLOOKUP(I8,Assumptions!$B$40:$H$50,2,FALSE()),0)*M8)) -> 0 | Q8: =IF(D8="",0,IFERROR(VLOOKUP(I8,Assumptions!$B$40:$H$50,3,FALSE()),0)*M8) -> 618750 | R8: =IF(G8="",0.2161,IFERROR(VLOOKUP(G8,Assumptions!$B$53:$C$61,2,FALSE())/100,0.2161)) -> 0.22 | S8: =IF(G8="",0,IFERROR(VLOOKUP(G8,Assumptions!$B$64:$C$72,2,FALSE())/1000,0.008)) -> 0.008 | T8: =IF(D8="","",P8*R8) -> 0 | U8: =IF(D8="","",Q8*S8) -> 4950 | V8: =IF(D8="","",T8+U8) -> 4950 | W8: =IF(OR(D8="",O8="",O8<=0,V8="",V8<=0),"",IFERROR(O8/V8,"")) | Y8: =IF(D8="","",IFERROR(VLOOKUP(I8,Assumptions!$B$40:$H$50,6,FALSE()),0)*M8) -> 1968750 | Z8: =IF(D8="","",IFERROR(VLOOKUP(I8,Assumptions!$B$40:$H$50,7,FALSE()),0)*M8) -> 1350000 | AA8: =IF(L8="","",YEAR(L8)) -> 2025 | AB8: =IF(L8="","","Q"&INT((MONTH(L8)+2)/3)) -> Q4 | AC8: 1 Bedroom | AD8: 750 | AE8: 750 | AF8: =IFERROR(AE8/AD8,"-") -> 1
B9: =IF($D9="","",B8+1) -> 4 | C9: 45974 | D9: Prop 73 | E9: =IF(D9="","",IFERROR(VLOOKUP(D9,'Portfolio List'!$B$4:$I$76,5,FALSE()),"")) -> Fund 7 | F9: =IF(D9="","",IFERROR(VLOOKUP(D9,'Portfolio List'!$B$4:$I$76,6,FALSE()),"")) -> Region 8 | G9: =IF(D9="","",IFERROR(VLOOKUP(D9,'Portfolio List'!$B$4:$I$76,7,FALSE()),"")) -> State 1 | H9: =IF(D9="","",IFERROR(VLOOKUP(D9,'Portfolio List'!$B$4:$I$76,4,FALSE()),"")) -> 750 | I9: Low-Flow Faucet (Kitchen) | J9: =IF(I9="","",IF(OR(I9="LED Lighting",I9="Energy Star Refrigerator",I9="Energy Star Range",I9="Energy Star AC Unit"),"Energy",IF(OR(I9="Low-Flow Toilet",I9="Low-Flow Faucet (Bathroom)",I9="Low-Flow Faucet (Kitchen)",I9="Low-Flow Shower Head"),"Water",IF(OR(I9="Energy Star Dishwasher",I9="Energy Star Washer/Dryer"),"Both","Other")))) -> Water | K9: Completed | L9: 45974 | M9: 750 | P9: =IF(D9="",0,IF(I9="LED Lighting",M9*IF(AC9="Studio",Assumptions!$C$15,IF(AC9="1 Bedroom",Assumptions!$C$16,IF(AC9="2 Bedroom",Assumptions!$C$17,IF(AC9="3 Bedroom",Assumptions!$C$18,Assumptions!$C$16))))*N9*365/1000,IFERROR(VLOOKUP(I9,Assumptions!$B$40:$H$50,2,FALSE()),0)*M9)) -> 0 | Q9: =IF(D9="",0,IFERROR(VLOOKUP(I9,Assumptions!$B$40:$H$50,3,FALSE()),0)*M9) -> 825000 | R9: =IF(G9="",0.2161,IFERROR(VLOOKUP(G9,Assumptions!$B$53:$C$61,2,FALSE())/100,0.2161)) -> 0.22 | S9: =IF(G9="",0,IFERROR(VLOOKUP(G9,Assumptions!$B$64:$C$72,2,FALSE())/1000,0.008)) -> 0.008 | T9: =IF(D9="","",P9*R9) -> 0 | U9: =IF(D9="","",Q9*S9) -> 6600 | V9: =IF(D9="","",T9+U9) -> 6600 | W9: =IF(OR(D9="",O9="",O9<=0,V9="",V9<=0),"",IFERROR(O9/V9,"")) | Y9: =IF(D9="","",IFERROR(VLOOKUP(I9,Assumptions!$B$40:$H$50,6,FALSE()),0)*M9) -> 2625000 | Z9: =IF(D9="","",IFERROR(VLOOKUP(I9,Assumptions!$B$40:$H$50,7,FALSE()),0)*M9) -> 1800000 | AA9: =IF(L9="","",YEAR(L9)) -> 2025 | AB9: =IF(L9="","","Q"&INT((MONTH(L9)+2)/3)) -> Q4 | AC9: 1 Bedroom | AD9: 750 | AE9: 750 | AF9: =IFERROR(AE9/AD9,"-") -> 1
B10: =IF($D10="","",B9+1) -> 5 | C10: 45974 | D10: Prop 73 | E10: =IF(D10="","",IFERROR(VLOOKUP(D10,'Portfolio List'!$B$4:$I$76,5,FALSE()),"")) -> Fund 7 | F10: =IF(D10="","",IFERROR(VLOOKUP(D10,'Portfolio List'!$B$4:$I$76,6,FALSE()),"")) -> Region 8 | G10: =IF(D10="","",IFERROR(VLOOKUP(D10,'Portfolio List'!$B$4:$I$76,7,FALSE()),"")) -> State 1 | H10: =IF(D10="","",IFERROR(VLOOKUP(D10,'Portfolio List'!$B$4:$I$76,4,FALSE()),"")) -> 750 | I10: Energy Star Refrigerator | J10: =IF(I10="","",IF(OR(I10="LED Lighting",I10="Energy Star Refrigerator",I10="Energy Star Range",I10="Energy Star AC Unit"),"Energy",IF(OR(I10="Low-Flow Toilet",I10="Low-Flow Faucet (Bathroom)",I10="Low-Flow Faucet (Kitchen)",I10="Low-Flow Shower Head"),"Water",IF(OR(I10="Energy Star Dishwasher",I10="Energy Star Washer/Dryer"),"Both","Other")))) -> Energy | K10: Completed | L10: 45974 | M10: 750 | P10: =IF(D10="",0,IF(I10="LED Lighting",M10*IF(AC10="Studio",Assumptions!$C$15,IF(AC10="1 Bedroom",Assumptions!$C$16,IF(AC10="2 Bedroom",Assumptions!$C$17,IF(AC10="3 Bedroom",Assumptions!$C$18,Assumptions!$C$16))))*N10*365/1000,IFERROR(VLOOKUP(I10,Assumptions!$B$40:$H$50,2,FALSE()),0)*M10)) -> 150000 | Q10: =IF(D10="",0,IFERROR(VLOOKUP(I10,Assumptions!$B$40:$H$50,3,FALSE()),0)*M10) -> 0 | R10: =IF(G10="",0.2161,IFERROR(VLOOKUP(G10,Assumptions!$B$53:$C$61,2,FALSE())/100,0.2161)) -> 0.22 | S10: =IF(G10="",0,IFERROR(VLOOKUP(G10,Assumptions!$B$64:$C$72,2,FALSE())/1000,0.008)) -> 0.008 | T10: =IF(D10="","",P10*R10) -> 33000 | U10: =IF(D10="","",Q10*S10) -> 0 | V10: =IF(D10="","",T10+U10) -> 33000 | W10: =IF(OR(D10="",O10="",O10<=0,V10="",V10<=0),"",IFERROR(O10/V10,"")) | Y10: =IF(D10="","",IFERROR(VLOOKUP(I10,Assumptions!$B$40:$H$50,6,FALSE()),0)*M10) -> 0 | Z10: =IF(D10="","",IFERROR(VLOOKUP(I10,Assumptions!$B$40:$H$50,7,FALSE()),0)*M10) -> 0 | AA10: =IF(L10="","",YEAR(L10)) -> 2025 | AB10: =IF(L10="","","Q"&INT((MONTH(L10)+2)/3)) -> Q4 | AC10: 1 Bedroom | AD10: 750 | AE10: 750 | AF10: =IFERROR(AE10/AD10,"-") -> 1
B11: =IF($D11="","",B10+1) -> 6 | C11: 45974 | D11: Prop 73 | E11: =IF(D11="","",IFERROR(VLOOKUP(D11,'Portfolio List'!$B$4:$I$76,5,FALSE()),"")) -> Fund 7 | F11: =IF(D11="","",IFERROR(VLOOKUP(D11,'Portfolio List'!$B$4:$I$76,6,FALSE()),"")) -> Region 8 | G11: =IF(D11="","",IFERROR(VLOOKUP(D11,'Portfolio List'!$B$4:$I$76,7,FALSE()),"")) -> State 1 | H11: =IF(D11="","",IFERROR(VLOOKUP(D11,'Portfolio List'!$B$4:$I$76,4,FALSE()),"")) -> 750 | I11: Energy Star Range | J11: =IF(I11="","",IF(OR(I11="LED Lighting",I11="Energy Star Refrigerator",I11="Energy Star Range",I11="Energy Star AC Unit"),"Energy",IF(OR(I11="Low-Flow Toilet",I11="Low-Flow Faucet (Bathroom)",I11="Low-Flow Faucet (Kitchen)",I11="Low-Flow Shower Head"),"Water",IF(OR(I11="Energy Star Dishwasher",I11="Energy Star Washer/Dryer"),"Both","Other")))) -> Energy | K11: Completed | L11: 45974 | M11: 750 | P11: =IF(D11="",0,IF(I11="LED Lighting",M11*IF(AC11="Studio",Assumptions!$C$15,IF(AC11="1 Bedroom",Assumptions!$C$16,IF(AC11="2 Bedroom",Assumptions!$C$17,IF(AC11="3 Bedroom",Assumptions!$C$18,Assumptions!$C$16))))*N11*365/1000,IFERROR(VLOOKUP(I11,Assumptions!$B$40:$H$50,2,FALSE()),0)*M11)) -> 112500 | Q11: =IF(D11="",0,IFERROR(VLOOKUP(I11,Assumptions!$B$40:$H$50,3,FALSE()),0)*M11) -> 0 | R11: =IF(G11="",0.2161,IFERROR(VLOOKUP(G11,Assumptions!$B$53:$C$61,2,FALSE())/100,0.2161)) -> 0.22 | S11: =IF(G11="",0,IFERROR(VLOOKUP(G11,Assumptions!$B$64:$C$72,2,FALSE())/1000,0.008)) -> 0.008 | T11: =IF(D11="","",P11*R11) -> 24750 | U11: =IF(D11="","",Q11*S11) -> 0 | V11: =IF(D11="","",T11+U11) -> 24750 | W11: =IF(OR(D11="",O11="",O11<=0,V11="",V11<=0),"",IFERROR(O11/V11,"")) | Y11: =IF(D11="","",IFERROR(VLOOKUP(I11,Assumptions!$B$40:$H$50,6,FALSE()),0)*M11) -> 0 | Z11: =IF(D11="","",IFERROR(VLOOKUP(I11,Assumptions!$B$40:$H$50,7,FALSE()),0)*M11) -> 0 | AA11: =IF(L11="","",YEAR(L11)) -> 2025 | AB11: =IF(L11="","","Q"&INT((MONTH(L11)+2)/3)) -> Q4 | AC11: 1 Bedroom | AD11: 750 | AE11: 750 | AF11: =IFERROR(AE11/AD11,"-") -> 1
B12: =IF($D12="","",B11+1) -> 7 | C12: 45974 | D12: Prop 73 | E12: =IF(D12="","",IFERROR(VLOOKUP(D12,'Portfolio List'!$B$4:$I$76,5,FALSE()),"")) -> Fund 7 | F12: =IF(D12="","",IFERROR(VLOOKUP(D12,'Portfolio List'!$B$4:$I$76,6,FALSE()),"")) -> Region 8 | G12: =IF(D12="","",IFERROR(VLOOKUP(D12,'Portfolio List'!$B$4:$I$76,7,FALSE()),"")) -> State 1 | H12: =IF(D12="","",IFERROR(VLOOKUP(D12,'Portfolio List'!$B$4:$I$76,4,FALSE()),"")) -> 750 | I12: Energy Star Dishwasher | J12: =IF(I12="","",IF(OR(I12="LED Lighting",I12="Energy Star Refrigerator",I12="Energy Star Range",I12="Energy Star AC Unit"),"Energy",IF(OR(I12="Low-Flow Toilet",I12="Low-Flow Faucet (Bathroom)",I12="Low-Flow Faucet (Kitchen)",I12="Low-Flow Shower Head"),"Water",IF(OR(I12="Energy Star Dishwasher",I12="Energy Star Washer/Dryer"),"Both","Other")))) -> Both | K12: Completed | L12: 45974 | M12: 750 | P12: =IF(D12="",0,IF(I12="LED Lighting",M12*IF(AC12="Studio",Assumptions!$C$15,IF(AC12="1 Bedroom",Assumptions!$C$16,IF(AC12="2 Bedroom",Assumptions!$C$17,IF(AC12="3 Bedroom",Assumptions!$C$18,Assumptions!$C$16))))*N12*365/1000,IFERROR(VLOOKUP(I12,Assumptions!$B$40:$H$50,2,FALSE()),0)*M12)) -> 22500 | Q12: =IF(D12="",0,IFERROR(VLOOKUP(I12,Assumptions!$B$40:$H$50,3,FALSE()),0)*M12) -> 337500 | R12: =IF(G12="",0.2161,IFERROR(VLOOKUP(G12,Assumptions!$B$53:$C$61,2,FALSE())/100,0.2161)) -> 0.22 | S12: =IF(G12="",0,IFERROR(VLOOKUP(G12,Assumptions!$B$64:$C$72,2,FALSE())/1000,0.008)) -> 0.008 | T12: =IF(D12="","",P12*R12) -> 4950 | U12: =IF(D12="","",Q12*S12) -> 2700 | V12: =IF(D12="","",T12+U12) -> 7650 | W12: =IF(OR(D12="",O12="",O12<=0,V12="",V12<=0),"",IFERROR(O12/V12,"")) | Y12: =IF(D12="","",IFERROR(VLOOKUP(I12,Assumptions!$B$40:$H$50,6,FALSE()),0)*M12) -> 3750000 | Z12: =IF(D12="","",IFERROR(VLOOKUP(I12,Assumptions!$B$40:$H$50,7,FALSE()),0)*M12) -> 3412500 | AA12: =IF(L12="","",YEAR(L12)) -> 2025 | AB12: =IF(L12="","","Q"&INT((MONTH(L12)+2)/3)) -> Q4 | AC12: 1 Bedroom | AD12: 750 | AE12: 750 | AF12: =IFERROR(AE12/AD12,"-") -> 1
B13: =IF($D13="","",B12+1) -> 8 | C13: 45974 | D13: Prop 73 | E13: =IF(D13="","",IFERROR(VLOOKUP(D13,'Portfolio List'!$B$4:$I$76,5,FALSE()),"")) -> Fund 7 | F13: =IF(D13="","",IFERROR(VLOOKUP(D13,'Portfolio List'!$B$4:$I$76,6,FALSE()),"")) -> Region 8 | G13: =IF(D13="","",IFERROR(VLOOKUP(D13,'Portfolio List'!$B$4:$I$76,7,FALSE()),"")) -> State 1 | H13: =IF(D13="","",IFERROR(VLOOKUP(D13,'Portfolio List'!$B$4:$I$76,4,FALSE()),"")) -> 750 | I13: Energy Star Washer/Dryer | J13: =IF(I13="","",IF(OR(I13="LED Lighting",I13="Energy Star Refrigerator",I13="Energy Star Range",I13="Energy Star AC Unit"),"Energy",IF(OR(I13="Low-Flow Toilet",I13="Low-Flow Faucet (Bathroom)",I13="Low-Flow Faucet (Kitchen)",I13="Low-Flow Shower Head"),"Water",IF(OR(I13="Energy Star Dishwasher",I13="Energy Star Washer/Dryer"),"Both","Other")))) -> Both | K13: Completed | L13: 45974 | M13: 750 | P13: =IF(D13="",0,IF(I13="LED Lighting",M13*IF(AC13="Studio",Assumptions!$C$15,IF(AC13="1 Bedroom",Assumptions!$C$16,IF(AC13="2 Bedroom",Assumptions!$C$17,IF(AC13="3 Bedroom",Assumptions!$C$18,Assumptions!$C$16))))*N13*365/1000,IFERROR(VLOOKUP(I13,Assumptions!$B$40:$H$50,2,FALSE()),0)*M13)) -> 502500 | Q13: =IF(D13="",0,IFERROR(VLOOKUP(I13,Assumptions!$B$40:$H$50,3,FALSE()),0)*M13) -> 112500 | R13: =IF(G13="",0.2161,IFERROR(VLOOKUP(G13,Assumptions!$B$53:$C$61,2,FALSE())/100,0.2161)) -> 0.22 | S13: =IF(G13="",0,IFERROR(VLOOKUP(G13,Assumptions!$B$64:$C$72,2,FALSE())/1000,0.008)) -> 0.008 | T13: =IF(D13="","",P13*R13) -> 110550 | U13: =IF(D13="","",Q13*S13) -> 900 | V13: =IF(D13="","",T13+U13) -> 111450 | W13: =IF(OR(D13="",O13="",O13<=0,V13="",V13<=0),"",IFERROR(O13/V13,"")) | Y13: =IF(D13="","",IFERROR(VLOOKUP(I13,Assumptions!$B$40:$H$50,6,FALSE()),0)*M13) -> 2625000 | Z13: =IF(D13="","",IFERROR(VLOOKUP(I13,Assumptions!$B$40:$H$50,7,FALSE()),0)*M13) -> 2512500 | AA13: =IF(L13="","",YEAR(L13)) -> 2025 | AB13: =IF(L13="","","Q"&INT((MONTH(L13)+2)/3)) -> Q4 | AC13: 1 Bedroom | AD13: 750 | AE13: 750 | AF13: =IFERROR(AE13/AD13,"-") -> 1
B14: =IF($D14="","",B13+1) -> 9 | C14: 45974 | D14: Prop 73 | E14: =IF(D14="","",IFERROR(VLOOKUP(D14,'Portfolio List'!$B$4:$I$76,5,FALSE()),"")) -> Fund 7 | F14: =IF(D14="","",IFERROR(VLOOKUP(D14,'Portfolio List'!$B$4:$I$76,6,FALSE()),"")) -> Region 8 | G14: =IF(D14="","",IFERROR(VLOOKUP(D14,'Portfolio List'!$B$4:$I$76,7,FALSE()),"")) -> State 1 | H14: =IF(D14="","",IFERROR(VLOOKUP(D14,'Portfolio List'!$B$4:$I$76,4,FALSE()),"")) -> 750 | I14: Energy Star AC Unit | J14: =IF(I14="","",IF(OR(I14="LED Lighting",I14="Energy Star Refrigerator",I14="Energy Star Range",I14="Energy Star AC Unit"),"Energy",IF(OR(I14="Low-Flow Toilet",I14="Low-Flow Faucet (Bathroom)",I14="Low-Flow Faucet (Kitchen)",I14="Low-Flow Shower Head"),"Water",IF(OR(I14="Energy Star Dishwasher",I14="Energy Star Washer/Dryer"),"Both","Other")))) -> Energy | K14: Completed | L14: 45974 | M14: 750 | P14: =IF(D14="",0,IF(I14="LED Lighting",M14*IF(AC14="Studio",Assumptions!$C$15,IF(AC14="1 Bedroom",Assumptions!$C$16,IF(AC14="2 Bedroom",Assumptions!$C$17,IF(AC14="3 Bedroom",Assumptions!$C$18,Assumptions!$C$16))))*N14*365/1000,IFERROR(VLOOKUP(I14,Assumptions!$B$40:$H$50,2,FALSE()),0)*M14)) -> 187500 | Q14: =IF(D14="",0,IFERROR(VLOOKUP(I14,Assumptions!$B$40:$H$50,3,FALSE()),0)*M14) -> 0 | R14: =IF(G14="",0.2161,IFERROR(VLOOKUP(G14,Assumptions!$B$53:$C$61,2,FALSE())/100,0.2161)) -> 0.22 | S14: =IF(G14="",0,IFERROR(VLOOKUP(G14,Assumptions!$B$64:$C$72,2,FALSE())/1000,0.008)) -> 0.008 | T14: =IF(D14="","",P14*R14) -> 41250 | U14: =IF(D14="","",Q14*S14) -> 0 | V14: =IF(D14="","",T14+U14) -> 41250 | W14: =IF(OR(D14="",O14="",O14<=0,V14="",V14<=0),"",IFERROR(O14/V14,"")) | Y14: =IF(D14="","",IFERROR(VLOOKUP(I14,Assumptions!$B$40:$H$50,6,FALSE()),0)*M14) -> 0 | Z14: =IF(D14="","",IFERROR(VLOOKUP(I14,Assumptions!$B$40:$H$50,7,FALSE()),0)*M14) -> 0 | AA14: =IF(L14="","",YEAR(L14)) -> 2025 | AB14: =IF(L14="","","Q"&INT((MONTH(L14)+2)/3)) -> Q4 | AC14: 1 Bedroom | AD14: 750 | AE14: 750 | AF14: =IFERROR(AE14/AD14,"-") -> 1
B15: =IF($D15="","",B14+1) -> 10 | C15: 45974 | D15: Prop 73 | E15: =IF(D15="","",IFERROR(VLOOKUP(D15,'Portfolio List'!$B$4:$I$76,5,FALSE()),"")) -> Fund 7 | F15: =IF(D15="","",IFERROR(VLOOKUP(D15,'Portfolio List'!$B$4:$I$76,6,FALSE()),"")) -> Region 8 | G15: =IF(D15="","",IFERROR(VLOOKUP(D15,'Portfolio List'!$B$4:$I$76,7,FALSE()),"")) -> State 1 | H15: =IF(D15="","",IFERROR(VLOOKUP(D15,'Portfolio List'!$B$4:$I$76,4,FALSE()),"")) -> 750 | I15: Low-Flow Shower Head | J15: =IF(I15="","",IF(OR(I15="LED Lighting",I15="Energy Star Refrigerator",I15="Energy Star Range",I15="Energy Star AC Unit"),"Energy",IF(OR(I15="Low-Flow Toilet",I15="Low-Flow Faucet (Bathroom)",I15="Low-Flow Faucet (Kitchen)",I15="Low-Flow Shower Head"),"Water",IF(OR(I15="Energy Star Dishwasher",I15="Energy Star Washer/Dryer"),"Both","Other")))) -> Water | K15: Completed | L15: 45974 | M15: 750 | P15: =IF(D15="",0,IF(I15="LED Lighting",M15*IF(AC15="Studio",Assumptions!$C$15,IF(AC15="1 Bedroom",Assumptions!$C$16,IF(AC15="2 Bedroom",Assumptions!$C$17,IF(AC15="3 Bedroom",Assumptions!$C$18,Assumptions!$C$16))))*N15*365/1000,IFERROR(VLOOKUP(I15,Assumptions!$B$40:$H$50,2,FALSE()),0)*M15)) -> 0 | Q15: =IF(D15="",0,IFERROR(VLOOKUP(I15,Assumptions!$B$40:$H$50,3,FALSE()),0)*M15) -> 2025000 | R15: =IF(G15="",0.2161,IFERROR(VLOOKUP(G15,Assumptions!$B$53:$C$61,2,FALSE())/100,0.2161)) -> 0.22 | S15: =IF(G15="",0,IFERROR(VLOOKUP(G15,Assumptions!$B$64:$C$72,2,FALSE())/1000,0.008)) -> 0.008 | T15: =IF(D15="","",P15*R15) -> 0 | U15: =IF(D15="","",Q15*S15) -> 16200 | V15: =IF(D15="","",T15+U15) -> 16200 | W15: =IF(OR(D15="",O15="",O15<=0,V15="",V15<=0),"",IFERROR(O15/V15,"")) | Y15: =IF(D15="","",IFERROR(VLOOKUP(I15,Assumptions!$B$40:$H$50,6,FALSE()),0)*M15) -> 6750000 | Z15: =IF(D15="","",IFERROR(VLOOKUP(I15,Assumptions!$B$40:$H$50,7,FALSE()),0)*M15) -> 4725000 | AA15: =IF(L15="","",YEAR(L15)) -> 2025 | AB15: =IF(L15="","","Q"&INT((MONTH(L15)+2)/3)) -> Q4 | AC15: 1 Bedroom | AD15: 750 | AE15: 750 | AF15: =IFERROR(AE15/AD15,"-") -> 1
B16: =IF($D16="","",B15+1) | E16: =IF(D16="","",IFERROR(VLOOKUP(D16,'Portfolio List'!$B$4:$I$76,5,FALSE()),"")) | F16: =IF(D16="","",IFERROR(VLOOKUP(D16,'Portfolio List'!$B$4:$I$76,6,FALSE()),"")) | G16: =IF(D16="","",IFERROR(VLOOKUP(D16,'Portfolio List'!$B$4:$I$76,7,FALSE()),"")) | H16: =IF(D16="","",IFERROR(VLOOKUP(D16,'Portfolio List'!$B$4:$I$76,4,FALSE()),"")) | J16: =IF(I16="","",IF(OR(I16="LED Lighting",I16="Energy Star Refrigerator",I16="Energy Star Range",I16="Energy Star AC Unit"),"Energy",IF(OR(I16="Low-Flow Toilet",I16="Low-Flow Faucet (Bathroom)",I16="Low-Flow Faucet (Kitchen)",I16="Low-Flow Shower Head"),"Water",IF(OR(I16="Energy Star Dishwasher",I16="Energy Star Washer/Dryer"),"Both","Other")))) | P16: =IF(D16="",0,IF(I16="LED Lighting",M16*IF(AC16="Studio",Assumptions!$C$15,IF(AC16="1 Bedroom",Assumptions!$C$16,IF(AC16="2 Bedroom",Assumptions!$C$17,IF(AC16="3 Bedroom",Assumptions!$C$18,Assumptions!$C$16))))*N16*365/1000,IFERROR(VLOOKUP(I16,Assumptions!$B$40:$H$50,2,FALSE()),0)*M16)) -> 0 | Q16: =IF(D16="",0,IFERROR(VLOOKUP(I16,Assumptions!$B$40:$H$50,3,FALSE()),0)*M16) -> 0 | R16: =IF(G16="",0.2161,IFERROR(VLOOKUP(G16,Assumptions!$B$53:$C$61,2,FALSE())/100,0.2161)) -> 0.2161 | S16: =IF(G16="",0,IFERROR(VLOOKUP(G16,Assumptions!$B$64:$C$72,2,FALSE())/1000,0.008)) -> 0 | T16: =IF(D16="","",P16*R16) | U16: =IF(D16="","",Q16*S16) | V16: =IF(D16="","",T16+U16) | W16: =IF(OR(D16="",O16="",O16<=0,V16="",V16<=0),"",IFERROR(O16/V16,"")) | Y16: =IF(D16="","",IFERROR(VLOOKUP(I16,Assumptions!$B$40:$H$50,6,FALSE()),0)*M16) | Z16: =IF(D16="","",IFERROR(VLOOKUP(I16,Assumptions!$B$40:$H$50,7,FALSE()),0)*M16) | AA16: =IF(L16="","",YEAR(L16)) | AB16: =IF(L16="","","Q"&INT((MONTH(L16)+2)/3)) | AF16: =IFERROR(AE16/AD16,"-") -> -
B17: =IF($D17="","",B16+1) | E17: =IF(D17="","",IFERROR(VLOOKUP(D17,'Portfolio List'!$B$4:$I$76,5,FALSE()),"")) | F17: =IF(D17="","",IFERROR(VLOOKUP(D17,'Portfolio List'!$B$4:$I$76,6,FALSE()),"")) | G17: =IF(D17="","",IFERROR(VLOOKUP(D17,'Portfolio List'!$B$4:$I$76,7,FALSE()),"")) | H17: =IF(D17="","",IFERROR(VLOOKUP(D17,'Portfolio List'!$B$4:$I$76,4,FALSE()),"")) | J17: =IF(I17="","",IF(OR(I17="LED Lighting",I17="Energy Star Refrigerator",I17="Energy Star Range",I17="Energy Star AC Unit"),"Energy",IF(OR(I17="Low-Flow Toilet",I17="Low-Flow Faucet (Bathroom)",I17="Low-Flow Faucet (Kitchen)",I17="Low-Flow Shower Head"),"Water",IF(OR(I17="Energy Star Dishwasher",I17="Energy Star Washer/Dryer"),"Both","Other")))) | P17: =IF(D17="",0,IF(I17="LED Lighting",M17*IF(AC17="Studio",Assumptions!$C$15,IF(AC17="1 Bedroom",Assumptions!$C$16,IF(AC17="2 Bedroom",Assumptions!$C$17,IF(AC17="3 Bedroom",Assumptions!$C$18,Assumptions!$C$16))))*N17*365/1000,IFERROR(VLOOKUP(I17,Assumptions!$B$40:$H$50,2,FALSE()),0)*M17)) -> 0 | Q17: =IF(D17="",0,IFERROR(VLOOKUP(I17,Assumptions!$B$40:$H$50,3,FALSE()),0)*M17) -> 0 | R17: =IF(G17="",0.2161,IFERROR(VLOOKUP(G17,Assumptions!$B$53:$C$61,2,FALSE())/100,0.2161)) -> 0.2161 | S17: =IF(G17="",0,IFERROR(VLOOKUP(G17,Assumptions!$B$64:$C$72,2,FALSE())/1000,0.008)) -> 0 | T17: =IF(D17="","",P17*R17) | U17: =IF(D17="","",Q17*S17) | V17: =IF(D17="","",T17+U17) | W17: =IF(OR(D17="",O17="",O17<=0,V17="",V17<=0),"",IFERROR(O17/V17,"")) | Y17: =IF(D17="","",IFERROR(VLOOKUP(I17,Assumptions!$B$40:$H$50,6,FALSE()),0)*M17) | Z17: =IF(D17="","",IFERROR(VLOOKUP(I17,Assumptions!$B$40:$H$50,7,FALSE()),0)*M17) | AA17: =IF(L17="","",YEAR(L17)) | AB17: =IF(L17="","","Q"&INT((MONTH(L17)+2)/3)) | AF17: =IFERROR(AE17/AD17,"-") -> -
B18: =IF($D18="","",B17+1) | E18: =IF(D18="","",IFERROR(VLOOKUP(D18,'Portfolio List'!$B$4:$I$76,5,FALSE()),"")) | F18: =IF(D18="","",IFERROR(VLOOKUP(D18,'Portfolio List'!$B$4:$I$76,6,FALSE()),"")) | G18: =IF(D18="","",IFERROR(VLOOKUP(D18,'Portfolio List'!$B$4:$I$76,7,FALSE()),"")) | H18: =IF(D18="","",IFERROR(VLOOKUP(D18,'Portfolio List'!$B$4:$I$76,4,FALSE()),"")) | J18: =IF(I18="","",IF(OR(I18="LED Lighting",I18="Energy Star Refrigerator",I18="Energy Star Range",I18="Energy Star AC Unit"),"Energy",IF(OR(I18="Low-Flow Toilet",I18="Low-Flow Faucet (Bathroom)",I18="Low-Flow Faucet (Kitchen)",I18="Low-Flow Shower Head"),"Water",IF(OR(I18="Energy Star Dishwasher",I18="Energy Star Washer/Dryer"),"Both","Other")))) | P18: =IF(D18="",0,IF(I18="LED Lighting",M18*IF(AC18="Studio",Assumptions!$C$15,IF(AC18="1 Bedroom",Assumptions!$C$16,IF(AC18="2 Bedroom",Assumptions!$C$17,IF(AC18="3 Bedroom",Assumptions!$C$18,Assumptions!$C$16))))*N18*365/1000,IFERROR(VLOOKUP(I18,Assumptions!$B$40:$H$50,2,FALSE()),0)*M18)) -> 0 | Q18: =IF(D18="",0,IFERROR(VLOOKUP(I18,Assumptions!$B$40:$H$50,3,FALSE()),0)*M18) -> 0 | R18: =IF(G18="",0.2161,IFERROR(VLOOKUP(G18,Assumptions!$B$53:$C$61,2,FALSE())/100,0.2161)) -> 0.2161 | S18: =IF(G18="",0,IFERROR(VLOOKUP(G18,Assumptions!$B$64:$C$72,2,FALSE())/1000,0.008)) -> 0 | T18: =IF(D18="","",P18*R18) | U18: =IF(D18="","",Q18*S18) | V18: =IF(D18="","",T18+U18) | W18: =IF(OR(D18="",O18="",O18<=0,V18="",V18<=0),"",IFERROR(O18/V18,"")) | Y18: =IF(D18="","",IFERROR(VLOOKUP(I18,Assumptions!$B$40:$H$50,6,FALSE()),0)*M18) | Z18: =IF(D18="","",IFERROR(VLOOKUP(I18,Assumptions!$B$40:$H$50,7,FALSE()),0)*M18) | AA18: =IF(L18="","",YEAR(L18)) | AB18: =IF(L18="","","Q"&INT((MONTH(L18)+2)/3)) | AF18: =IFERROR(AE18/AD18,"-") -> -
B19: =IF($D19="","",B18+1) | E19: =IF(D19="","",IFERROR(VLOOKUP(D19,'Portfolio List'!$B$4:$I$76,5,FALSE()),"")) | F19: =IF(D19="","",IFERROR(VLOOKUP(D19,'Portfolio List'!$B$4:$I$76,6,FALSE()),"")) | G19: =IF(D19="","",IFERROR(VLOOKUP(D19,'Portfolio List'!$B$4:$I$76,7,FALSE()),"")) | H19: =IF(D19="","",IFERROR(VLOOKUP(D19,'Portfolio List'!$B$4:$I$76,4,FALSE()),"")) | J19: =IF(I19="","",IF(OR(I19="LED Lighting",I19="Energy Star Refrigerator",I19="Energy Star Range",I19="Energy Star AC Unit"),"Energy",IF(OR(I19="Low-Flow Toilet",I19="Low-Flow Faucet (Bathroom)",I19="Low-Flow Faucet (Kitchen)",I19="Low-Flow Shower Head"),"Water",IF(OR(I19="Energy Star Dishwasher",I19="Energy Star Washer/Dryer"),"Both","Other")))) | P19: =IF(D19="",0,IF(I19="LED Lighting",M19*IF(AC19="Studio",Assumptions!$C$15,IF(AC19="1 Bedroom",Assumptions!$C$16,IF(AC19="2 Bedroom",Assumptions!$C$17,IF(AC19="3 Bedroom",Assumptions!$C$18,Assumptions!$C$16))))*N19*365/1000,IFERROR(VLOOKUP(I19,Assumptions!$B$40:$H$50,2,FALSE()),0)*M19)) -> 0 | Q19: =IF(D19="",0,IFERROR(VLOOKUP(I19,Assumptions!$B$40:$H$50,3,FALSE()),0)*M19) -> 0 | R19: =IF(G19="",0.2161,IFERROR(VLOOKUP(G19,Assumptions!$B$53:$C$61,2,FALSE())/100,0.2161)) -> 0.2161 | S19: =IF(G19="",0,IFERROR(VLOOKUP(G19,Assumptions!$B$64:$C$72,2,FALSE())/1000,0.008)) -> 0 | T19: =IF(D19="","",P19*R19) | U19: =IF(D19="","",Q19*S19) | V19: =IF(D19="","",T19+U19) | W19: =IF(OR(D19="",O19="",O19<=0,V19="",V19<=0),"",IFERROR(O19/V19,"")) | Y19: =IF(D19="","",IFERROR(VLOOKUP(I19,Assumptions!$B$40:$H$50,6,FALSE()),0)*M19) | Z19: =IF(D19="","",IFERROR(VLOOKUP(I19,Assumptions!$B$40:$H$50,7,FALSE()),0)*M19) | AA19: =IF(L19="","",YEAR(L19)) | AB19: =IF(L19="","","Q"&INT((MONTH(L19)+2)/3)) | AF19: =IFERROR(AE19/AD19,"-") -> -
B20: =IF($D20="","",B19+1) | E20: =IF(D20="","",IFERROR(VLOOKUP(D20,'Portfolio List'!$B$4:$I$76,5,FALSE()),"")) | F20: =IF(D20="","",IFERROR(VLOOKUP(D20,'Portfolio List'!$B$4:$I$76,6,FALSE()),"")) | G20: =IF(D20="","",IFERROR(VLOOKUP(D20,'Portfolio List'!$B$4:$I$76,7,FALSE()),"")) | H20: =IF(D20="","",IFERROR(VLOOKUP(D20,'Portfolio List'!$B$4:$I$76,4,FALSE()),"")) | J20: =IF(I20="","",IF(OR(I20="LED Lighting",I20="Energy Star Refrigerator",I20="Energy Star Range",I20="Energy Star AC Unit"),"Energy",IF(OR(I20="Low-Flow Toilet",I20="Low-Flow Faucet (Bathroom)",I20="Low-Flow Faucet (Kitchen)",I20="Low-Flow Shower Head"),"Water",IF(OR(I20="Energy Star Dishwasher",I20="Energy Star Washer/Dryer"),"Both","Other")))) | P20: =IF(D20="",0,IF(I20="LED Lighting",M20*IF(AC20="Studio",Assumptions!$C$15,IF(AC20="1 Bedroom",Assumptions!$C$16,IF(AC20="2 Bedroom",Assumptions!$C$17,IF(AC20="3 Bedroom",Assumptions!$C$18,Assumptions!$C$16))))*N20*365/1000,IFERROR(VLOOKUP(I20,Assumptions!$B$40:$H$50,2,FALSE()),0)*M20)) -> 0 | Q20: =IF(D20="",0,IFERROR(VLOOKUP(I20,Assumptions!$B$40:$H$50,3,FALSE()),0)*M20) -> 0 | R20: =IF(G20="",0.2161,IFERROR(VLOOKUP(G20,Assumptions!$B$53:$C$61,2,FALSE())/100,0.2161)) -> 0.2161 | S20: =IF(G20="",0,IFERROR(VLOOKUP(G20,Assumptions!$B$64:$C$72,2,FALSE())/1000,0.008)) -> 0 | T20: =IF(D20="","",P20*R20) | U20: =IF(D20="","",Q20*S20) | V20: =IF(D20="","",T20+U20) | W20: =IF(OR(D20="",O20="",O20<=0,V20="",V20<=0),"",IFERROR(O20/V20,"")) | Y20: =IF(D20="","",IFERROR(VLOOKUP(I20,Assumptions!$B$40:$H$50,6,FALSE()),0)*M20) | Z20: =IF(D20="","",IFERROR(VLOOKUP(I20,Assumptions!$B$40:$H$50,7,FALSE()),0)*M20) | AA20: =IF(L20="","",YEAR(L20)) | AB20: =IF(L20="","","Q"&INT((MONTH(L20)+2)/3)) | AF20: =IFERROR(AE20/AD20,"-") -> -
B21: =IF($D21="","",B20+1) | E21: =IF(D21="","",IFERROR(VLOOKUP(D21,'Portfolio List'!$B$4:$I$76,5,FALSE()),"")) | F21: =IF(D21="","",IFERROR(VLOOKUP(D21,'Portfolio List'!$B$4:$I$76,6,FALSE()),"")) | G21: =IF(D21="","",IFERROR(VLOOKUP(D21,'Portfolio List'!$B$4:$I$76,7,FALSE()),"")) | H21: =IF(D21="","",IFERROR(VLOOKUP(D21,'Portfolio List'!$B$4:$I$76,4,FALSE()),"")) | J21: =IF(I21="","",IF(OR(I21="LED Lighting",I21="Energy Star Refrigerator",I21="Energy Star Range",I21="Energy Star AC Unit"),"Energy",IF(OR(I21="Low-Flow Toilet",I21="Low-Flow Faucet (Bathroom)",I21="Low-Flow Faucet (Kitchen)",I21="Low-Flow Shower Head"),"Water",IF(OR(I21="Energy Star Dishwasher",I21="Energy Star Washer/Dryer"),"Both","Other")))) | P21: =IF(D21="",0,IF(I21="LED Lighting",M21*IF(AC21="Studio",Assumptions!$C$15,IF(AC21="1 Bedroom",Assumptions!$C$16,IF(AC21="2 Bedroom",Assumptions!$C$17,IF(AC21="3 Bedroom",Assumptions!$C$18,Assumptions!$C$16))))*N21*365/1000,IFERROR(VLOOKUP(I21,Assumptions!$B$40:$H$50,2,FALSE()),0)*M21)) -> 0 | Q21: =IF(D21="",0,IFERROR(VLOOKUP(I21,Assumptions!$B$40:$H$50,3,FALSE()),0)*M21) -> 0 | R21: =IF(G21="",0.2161,IFERROR(VLOOKUP(G21,Assumptions!$B$53:$C$61,2,FALSE())/100,0.2161)) -> 0.2161 | S21: =IF(G21="",0,IFERROR(VLOOKUP(G21,Assumptions!$B$64:$C$72,2,FALSE())/1000,0.008)) -> 0 | T21: =IF(D21="","",P21*R21) | U21: =IF(D21="","",Q21*S21) | V21: =IF(D21="","",T21+U21) | W21: =IF(OR(D21="",O21="",O21<=0,V21="",V21<=0),"",IFERROR(O21/V21,"")) | Y21: =IF(D21="","",IFERROR(VLOOKUP(I21,Assumptions!$B$40:$H$50,6,FALSE()),0)*M21) | Z21: =IF(D21="","",IFERROR(VLOOKUP(I21,Assumptions!$B$40:$H$50,7,FALSE()),0)*M21) | AA21: =IF(L21="","",YEAR(L21)) | AB21: =IF(L21="","","Q"&INT((MONTH(L21)+2)/3)) | AF21: =IFERROR(AE21/AD21,"-") -> -
B22: =IF($D22="","",B21+1) | E22: =IF(D22="","",IFERROR(VLOOKUP(D22,'Portfolio List'!$B$4:$I$76,5,FALSE()),"")) | F22: =IF(D22="","",IFERROR(VLOOKUP(D22,'Portfolio List'!$B$4:$I$76,6,FALSE()),"")) | G22: =IF(D22="","",IFERROR(VLOOKUP(D22,'Portfolio List'!$B$4:$I$76,7,FALSE()),"")) | H22: =IF(D22="","",IFERROR(VLOOKUP(D22,'Portfolio List'!$B$4:$I$76,4,FALSE()),"")) | J22: =IF(I22="","",IF(OR(I22="LED Lighting",I22="Energy Star Refrigerator",I22="Energy Star Range",I22="Energy Star AC Unit"),"Energy",IF(OR(I22="Low-Flow Toilet",I22="Low-Flow Faucet (Bathroom)",I22="Low-Flow Faucet (Kitchen)",I22="Low-Flow Shower Head"),"Water",IF(OR(I22="Energy Star Dishwasher",I22="Energy Star Washer/Dryer"),"Both","Other")))) | P22: =IF(D22="",0,IF(I22="LED Lighting",M22*IF(AC22="Studio",Assumptions!$C$15,IF(AC22="1 Bedroom",Assumptions!$C$16,IF(AC22="2 Bedroom",Assumptions!$C$17,IF(AC22="3 Bedroom",Assumptions!$C$18,Assumptions!$C$16))))*N22*365/1000,IFERROR(VLOOKUP(I22,Assumptions!$B$40:$H$50,2,FALSE()),0)*M22)) -> 0 | Q22: =IF(D22="",0,IFERROR(VLOOKUP(I22,Assumptions!$B$40:$H$50,3,FALSE()),0)*M22) -> 0 | R22: =IF(G22="",0.2161,IFERROR(VLOOKUP(G22,Assumptions!$B$53:$C$61,2,FALSE())/100,0.2161)) -> 0.2161 | S22: =IF(G22="",0,IFERROR(VLOOKUP(G22,Assumptions!$B$64:$C$72,2,FALSE())/1000,0.008)) -> 0 | T22: =IF(D22="","",P22*R22) | U22: =IF(D22="","",Q22*S22) | V22: =IF(D22="","",T22+U22) | W22: =IF(OR(D22="",O22="",O22<=0,V22="",V22<=0),"",IFERROR(O22/V22,"")) | Y22: =IF(D22="","",IFERROR(VLOOKUP(I22,Assumptions!$B$40:$H$50,6,FALSE()),0)*M22) | Z22: =IF(D22="","",IFERROR(VLOOKUP(I22,Assumptions!$B$40:$H$50,7,FALSE()),0)*M22) | AA22: =IF(L22="","",YEAR(L22)) | AB22: =IF(L22="","","Q"&INT((MONTH(L22)+2)/3)) | AF22: =IFERROR(AE22/AD22,"-") -> -
B23: =IF($D23="","",B22+1) | E23: =IF(D23="","",IFERROR(VLOOKUP(D23,'Portfolio List'!$B$4:$I$76,5,FALSE()),"")) | F23: =IF(D23="","",IFERROR(VLOOKUP(D23,'Portfolio List'!$B$4:$I$76,6,FALSE()),"")) | G23: =IF(D23="","",IFERROR(VLOOKUP(D23,'Portfolio List'!$B$4:$I$76,7,FALSE()),"")) | H23: =IF(D23="","",IFERROR(VLOOKUP(D23,'Portfolio List'!$B$4:$I$76,4,FALSE()),"")) | J23: =IF(I23="","",IF(OR(I23="LED Lighting",I23="Energy Star Refrigerator",I23="Energy Star Range",I23="Energy Star AC Unit"),"Energy",IF(OR(I23="Low-Flow Toilet",I23="Low-Flow Faucet (Bathroom)",I23="Low-Flow Faucet (Kitchen)",I23="Low-Flow Shower Head"),"Water",IF(OR(I23="Energy Star Dishwasher",I23="Energy Star Washer/Dryer"),"Both","Other")))) | P23: =IF(D23="",0,IF(I23="LED Lighting",M23*IF(AC23="Studio",Assumptions!$C$15,IF(AC23="1 Bedroom",Assumptions!$C$16,IF(AC23="2 Bedroom",Assumptions!$C$17,IF(AC23="3 Bedroom",Assumptions!$C$18,Assumptions!$C$16))))*N23*365/1000,IFERROR(VLOOKUP(I23,Assumptions!$B$40:$H$50,2,FALSE()),0)*M23)) -> 0 | Q23: =IF(D23="",0,IFERROR(VLOOKUP(I23,Assumptions!$B$40:$H$50,3,FALSE()),0)*M23) -> 0 | R23: =IF(G23="",0.2161,IFERROR(VLOOKUP(G23,Assumptions!$B$53:$C$61,2,FALSE())/100,0.2161)) -> 0.2161 | S23: =IF(G23="",0,IFERROR(VLOOKUP(G23,Assumptions!$B$64:$C$72,2,FALSE())/1000,0.008)) -> 0 | T23: =IF(D23="","",P23*R23) | U23: =IF(D23="","",Q23*S23) | V23: =IF(D23="","",T23+U23) | W23: =IF(OR(D23="",O23="",O23<=0,V23="",V23<=0),"",IFERROR(O23/V23,"")) | Y23: =IF(D23="","",IFERROR(VLOOKUP(I23,Assumptions!$B$40:$H$50,6,FALSE()),0)*M23) | Z23: =IF(D23="","",IFERROR(VLOOKUP(I23,Assumptions!$B$40:$H$50,7,FALSE()),0)*M23) | AA23: =IF(L23="","",YEAR(L23)) | AB23: =IF(L23="","","Q"&INT((MONTH(L23)+2)/3)) | AF23: =IFERROR(AE23/AD23,"-") -> -
B24: =IF($D24="","",B23+1) | E24: =IF(D24="","",IFERROR(VLOOKUP(D24,'Portfolio List'!$B$4:$I$76,5,FALSE()),"")) | F24: =IF(D24="","",IFERROR(VLOOKUP(D24,'Portfolio List'!$B$4:$I$76,6,FALSE()),"")) | G24: =IF(D24="","",IFERROR(VLOOKUP(D24,'Portfolio List'!$B$4:$I$76,7,FALSE()),"")) | H24: =IF(D24="","",IFERROR(VLOOKUP(D24,'Portfolio List'!$B$4:$I$76,4,FALSE()),"")) | J24: =IF(I24="","",IF(OR(I24="LED Lighting",I24="Energy Star Refrigerator",I24="Energy Star Range",I24="Energy Star AC Unit"),"Energy",IF(OR(I24="Low-Flow Toilet",I24="Low-Flow Faucet (Bathroom)",I24="Low-Flow Faucet (Kitchen)",I24="Low-Flow Shower Head"),"Water",IF(OR(I24="Energy Star Dishwasher",I24="Energy Star Washer/Dryer"),"Both","Other")))) | P24: =IF(D24="",0,IF(I24="LED Lighting",M24*IF(AC24="Studio",Assumptions!$C$15,IF(AC24="1 Bedroom",Assumptions!$C$16,IF(AC24="2 Bedroom",Assumptions!$C$17,IF(AC24="3 Bedroom",Assumptions!$C$18,Assumptions!$C$16))))*N24*365/1000,IFERROR(VLOOKUP(I24,Assumptions!$B$40:$H$50,2,FALSE()),0)*M24)) -> 0 | Q24: =IF(D24="",0,IFERROR(VLOOKUP(I24,Assumptions!$B$40:$H$50,3,FALSE()),0)*M24) -> 0 | R24: =IF(G24="",0.2161,IFERROR(VLOOKUP(G24,Assumptions!$B$53:$C$61,2,FALSE())/100,0.2161)) -> 0.2161 | S24: =IF(G24="",0,IFERROR(VLOOKUP(G24,Assumptions!$B$64:$C$72,2,FALSE())/1000,0.008)) -> 0 | T24: =IF(D24="","",P24*R24) | U24: =IF(D24="","",Q24*S24) | V24: =IF(D24="","",T24+U24) | W24: =IF(OR(D24="",O24="",O24<=0,V24="",V24<=0),"",IFERROR(O24/V24,"")) | Y24: =IF(D24="","",IFERROR(VLOOKUP(I24,Assumptions!$B$40:$H$50,6,FALSE()),0)*M24) | Z24: =IF(D24="","",IFERROR(VLOOKUP(I24,Assumptions!$B$40:$H$50,7,FALSE()),0)*M24) | AA24: =IF(L24="","",YEAR(L24)) | AB24: =IF(L24="","","Q"&INT((MONTH(L24)+2)/3)) | AF24: =IFERROR(AE24/AD24,"-") -> -
B25: =IF($D25="","",B24+1) | E25: =IF(D25="","",IFERROR(VLOOKUP(D25,'Portfolio List'!$B$4:$I$76,5,FALSE()),"")) | F25: =IF(D25="","",IFERROR(VLOOKUP(D25,'Portfolio List'!$B$4:$I$76,6,FALSE()),"")) | G25: =IF(D25="","",IFERROR(VLOOKUP(D25,'Portfolio List'!$B$4:$I$76,7,FALSE()),"")) | H25: =IF(D25="","",IFERROR(VLOOKUP(D25,'Portfolio List'!$B$4:$I$76,4,FALSE()),"")) | J25: =IF(I25="","",IF(OR(I25="LED Lighting",I25="Energy Star Refrigerator",I25="Energy Star Range",I25="Energy Star AC Unit"),"Energy",IF(OR(I25="Low-Flow Toilet",I25="Low-Flow Faucet (Bathroom)",I25="Low-Flow Faucet (Kitchen)",I25="Low-Flow Shower Head"),"Water",IF(OR(I25="Energy Star Dishwasher",I25="Energy Star Washer/Dryer"),"Both","Other")))) | P25: =IF(D25="",0,IF(I25="LED Lighting",M25*IF(AC25="Studio",Assumptions!$C$15,IF(AC25="1 Bedroom",Assumptions!$C$16,IF(AC25="2 Bedroom",Assumptions!$C$17,IF(AC25="3 Bedroom",Assumptions!$C$18,Assumptions!$C$16))))*N25*365/1000,IFERROR(VLOOKUP(I25,Assumptions!$B$40:$H$50,2,FALSE()),0)*M25)) -> 0 | Q25: =IF(D25="",0,IFERROR(VLOOKUP(I25,Assumptions!$B$40:$H$50,3,FALSE()),0)*M25) -> 0 | R25: =IF(G25="",0.2161,IFERROR(VLOOKUP(G25,Assumptions!$B$53:$C$61,2,FALSE())/100,0.2161)) -> 0.2161 | S25: =IF(G25="",0,IFERROR(VLOOKUP(G25,Assumptions!$B$64:$C$72,2,FALSE())/1000,0.008)) -> 0 | T25: =IF(D25="","",P25*R25) | U25: =IF(D25="","",Q25*S25) | V25: =IF(D25="","",T25+U25) | W25: =IF(OR(D25="",O25="",O25<=0,V25="",V25<=0),"",IFERROR(O25/V25,"")) | Y25: =IF(D25="","",IFERROR(VLOOKUP(I25,Assumptions!$B$40:$H$50,6,FALSE()),0)*M25) | Z25: =IF(D25="","",IFERROR(VLOOKUP(I25,Assumptions!$B$40:$H$50,7,FALSE()),0)*M25) | AA25: =IF(L25="","",YEAR(L25)) | AB25: =IF(L25="","","Q"&INT((MONTH(L25)+2)/3)) | AF25: =IFERROR(AE25/AD25,"-") -> -
B26: =IF($D26="","",B25+1) | E26: =IF(D26="","",IFERROR(VLOOKUP(D26,'Portfolio List'!$B$4:$I$76,5,FALSE()),"")) | F26: =IF(D26="","",IFERROR(VLOOKUP(D26,'Portfolio List'!$B$4:$I$76,6,FALSE()),"")) | G26: =IF(D26="","",IFERROR(VLOOKUP(D26,'Portfolio List'!$B$4:$I$76,7,FALSE()),"")) | H26: =IF(D26="","",IFERROR(VLOOKUP(D26,'Portfolio List'!$B$4:$I$76,4,FALSE()),"")) | J26: =IF(I26="","",IF(OR(I26="LED Lighting",I26="Energy Star Refrigerator",I26="Energy Star Range",I26="Energy Star AC Unit"),"Energy",IF(OR(I26="Low-Flow Toilet",I26="Low-Flow Faucet (Bathroom)",I26="Low-Flow Faucet (Kitchen)",I26="Low-Flow Shower Head"),"Water",IF(OR(I26="Energy Star Dishwasher",I26="Energy Star Washer/Dryer"),"Both","Other")))) | P26: =IF(D26="",0,IF(I26="LED Lighting",M26*IF(AC26="Studio",Assumptions!$C$15,IF(AC26="1 Bedroom",Assumptions!$C$16,IF(AC26="2 Bedroom",Assumptions!$C$17,IF(AC26="3 Bedroom",Assumptions!$C$18,Assumptions!$C$16))))*N26*365/1000,IFERROR(VLOOKUP(I26,Assumptions!$B$40:$H$50,2,FALSE()),0)*M26)) -> 0 | Q26: =IF(D26="",0,IFERROR(VLOOKUP(I26,Assumptions!$B$40:$H$50,3,FALSE()),0)*M26) -> 0 | R26: =IF(G26="",0.2161,IFERROR(VLOOKUP(G26,Assumptions!$B$53:$C$61,2,FALSE())/100,0.2161)) -> 0.2161 | S26: =IF(G26="",0,IFERROR(VLOOKUP(G26,Assumptions!$B$64:$C$72,2,FALSE())/1000,0.008)) -> 0 | T26: =IF(D26="","",P26*R26) | U26: =IF(D26="","",Q26*S26) | V26: =IF(D26="","",T26+U26) | W26: =IF(OR(D26="",O26="",O26<=0,V26="",V26<=0),"",IFERROR(O26/V26,"")) | Y26: =IF(D26="","",IFERROR(VLOOKUP(I26,Assumptions!$B$40:$H$50,6,FALSE()),0)*M26) | Z26: =IF(D26="","",IFERROR(VLOOKUP(I26,Assumptions!$B$40:$H$50,7,FALSE()),0)*M26) | AA26: =IF(L26="","",YEAR(L26)) | AB26: =IF(L26="","","Q"&INT((MONTH(L26)+2)/3)) | AF26: =IFERROR(AE26/AD26,"-") -> -
B27: =IF($D27="","",B26+1) | E27: =IF(D27="","",IFERROR(VLOOKUP(D27,'Portfolio List'!$B$4:$I$76,5,FALSE()),"")) | F27: =IF(D27="","",IFERROR(VLOOKUP(D27,'Portfolio List'!$B$4:$I$76,6,FALSE()),"")) | G27: =IF(D27="","",IFERROR(VLOOKUP(D27,'Portfolio List'!$B$4:$I$76,7,FALSE()),"")) | H27: =IF(D27="","",IFERROR(VLOOKUP(D27,'Portfolio List'!$B$4:$I$76,4,FALSE()),"")) | J27: =IF(I27="","",IF(OR(I27="LED Lighting",I27="Energy Star Refrigerator",I27="Energy Star Range",I27="Energy Star AC Unit"),"Energy",IF(OR(I27="Low-Flow Toilet",I27="Low-Flow Faucet (Bathroom)",I27="Low-Flow Faucet (Kitchen)",I27="Low-Flow Shower Head"),"Water",IF(OR(I27="Energy Star Dishwasher",I27="Energy Star Washer/Dryer"),"Both","Other")))) | P27: =IF(D27="",0,IF(I27="LED Lighting",M27*IF(AC27="Studio",Assumptions!$C$15,IF(AC27="1 Bedroom",Assumptions!$C$16,IF(AC27="2 Bedroom",Assumptions!$C$17,IF(AC27="3 Bedroom",Assumptions!$C$18,Assumptions!$C$16))))*N27*365/1000,IFERROR(VLOOKUP(I27,Assumptions!$B$40:$H$50,2,FALSE()),0)*M27)) -> 0 | Q27: =IF(D27="",0,IFERROR(VLOOKUP(I27,Assumptions!$B$40:$H$50,3,FALSE()),0)*M27) -> 0 | R27: =IF(G27="",0.2161,IFERROR(VLOOKUP(G27,Assumptions!$B$53:$C$61,2,FALSE())/100,0.2161)) -> 0.2161 | S27: =IF(G27="",0,IFERROR(VLOOKUP(G27,Assumptions!$B$64:$C$72,2,FALSE())/1000,0.008)) -> 0 | T27: =IF(D27="","",P27*R27) | U27: =IF(D27="","",Q27*S27) | V27: =IF(D27="","",T27+U27) | W27: =IF(OR(D27="",O27="",O27<=0,V27="",V27<=0),"",IFERROR(O27/V27,"")) | Y27: =IF(D27="","",IFERROR(VLOOKUP(I27,Assumptions!$B$40:$H$50,6,FALSE()),0)*M27) | Z27: =IF(D27="","",IFERROR(VLOOKUP(I27,Assumptions!$B$40:$H$50,7,FALSE()),0)*M27) | AA27: =IF(L27="","",YEAR(L27)) | AB27: =IF(L27="","","Q"&INT((MONTH(L27)+2)/3)) | AF27: =IFERROR(AE27/AD27,"-") -> -
... B205: =IF($D205="","",B204+1) | E205: =IF(D205="","",IFERROR(VLOOKUP(D205,'Portfolio List'!$B$4:$I$76,5,FALSE()),"")) | F205: =IF(D205="","",IFERROR(VLOOKUP(D205,'Portfolio List'!$B$4:$I$76,6,FALSE()),"")) | G205: =IF(D205="","",IFERROR(VLOOKUP(D205,'Portfolio List'!$B$4:$I$76,7,FALSE()),"")) | H205: =IF(D205="","",IFERROR(VLOOKUP(D205,'Portfolio List'!$B$4:$I$76,4,FALSE()),"")) | J205: =IF(I205="","",IF(OR(I205="LED Lighting",I205="Energy Star Refrigerator",I205="Energy Star Range",I205="Energy Star AC Unit"),"Energy",IF(OR(I205="Low-Flow Toilet",I205="Low-Flow Faucet (Bathroom)",I205="Low-Flow Faucet (Kitchen)",I205="Low-Flow Shower Head"),"Water",IF(OR(I205="Energy Star Dishwasher",I205="Energy Star Washer/Dryer"),"Both","Other")))) | P205: =IF(D205="",0,IF(I205="LED Lighting",M205*IF(AC205="Studio",Assumptions!$C$15,IF(AC205="1 Bedroom",Assumptions!$C$16,IF(AC205="2 Bedroom",Assumptions!$C$17,IF(AC205="3 Bedroom",Assumptions!$C$18,Assumptions!$C$16))))*N205*365/1000,IFERROR(VLOOKUP(I205,Assumptions!$B$40:$H$50,2,FALSE()),0)*M205)) -> 0 | Q205: =IF(D205="",0,IFERROR(VLOOKUP(I205,Assumptions!$B$40:$H$50,3,FALSE()),0)*M205) -> 0 | R205: =IF(G205="",0.2161,IFERROR(VLOOKUP(G205,Assumptions!$B$53:$C$61,2,FALSE())/100,0.2161)) -> 0.2161 | S205: =IF(G205="",0,IFERROR(VLOOKUP(G205,Assumptions!$B$64:$C$72,2,FALSE())/1000,0.008)) -> 0 | T205: =IF(D205="","",P205*R205) | U205: =IF(D205="","",Q205*S205) | V205: =IF(D205="","",T205+U205) | W205: =IF(OR(D205="",O205="",O205<=0,V205="",V205<=0),"",IFERROR(O205/V205,"")) | Y205: =IF(D205="","",IFERROR(VLOOKUP(I205,Assumptions!$B$40:$H$50,6,FALSE()),0)*M205) | Z205: =IF(D205="","",IFERROR(VLOOKUP(I205,Assumptions!$B$40:$H$50,7,FALSE()),0)*M205) | AA205: =IF(L205="","",YEAR(L205)) | AB205: =IF(L205="","","Q"&INT((MONTH(L205)+2)/3)) | AF205: =IFERROR(AE205/AD205,"-") -> -

Sheet Assumptions
B2: ESG Tracker - Assumptions & Reference Tables
B4: A. LED LIGHTING
B5: A1. Fixture Specifications (Source: Green Items List 2025-11-13)
B6: Fixture | C6: Old Watts | D6: New Watts | E6: Watts Saved | F6: Efficiency (lm/w) | G6: Ferguson Part # | H6: HD Supply # | I6: Notes
B7: 32" Kitchen Light | C7: 150 | D7: 34 | E7: =C7-D7 -> 116 | F7: 71 | G7: 9211711 / 10049912 | H7: 292936 / 395841
B8: 10" Ceiling Disk | C8: 60 | D8: 10 | E8: =C8-D8 -> 50 | F8: 62.5 | G8: 9211702 / 10049910 | H8: - | I8: 4 per 1BR unit.
B9: 14" Ceiling Disk | C9: 60 | D9: 10 | E9: =C9-D9 -> 50 | F9: 70 | G9: 9211719 / 10049911 | H9: - | I9: 5 per 2BR unit.
B10: 24" Vanity Bar | C10: 60 | D10: 10 | E10: =C10-D10 -> 50 | F10: 83 | G10: 10075660 / 10049916 | H10: - | I10: Bathroom vanity.
B13: A2. LED Annual Savings by Unit Type Hrs/Day (yellow cells) is an editable input. Studio and 3BR wattages are estimates - adjust to match your fixture specs.
B14: Unit Type | C14: Total Watts Saved / Unit | D14: Hrs/Day | E14: kWh Saved / Unit / yr
B15: Studio | C15: 250 | D15: 3 | E15: =C15*D15*365/1000 -> 273.75
B16: 1 Bedroom | C16: 250 | D16: 3 | E16: =C16*D16*365/1000 -> 273.75
B17: 2 Bedroom | C17: 250 | D17: 3 | E17: =C17*D17*365/1000 -> 273.75
B18: 3 Bedroom | C18: 250 | D18: 3 | E18: =C18*D18*365/1000 -> 273.75
B20: B. WATER FIXTURES - BEFORE & AFTER
B21: Fixture | C21: Old Rate | D21: New Rate | E21: Savings Rate | F21: Unit | G21: Usage / Unit / yr | H21: BEFORE gal / unit / yr | I21: AFTER gal / unit / yr | J21: SAVINGS gal / unit / yr | K21: Products Used
B22: Toilet | C22: 1.8 | D22: 0.8 | E22: =C22-D22 -> 1 | F22: GPF | G22: 2,000 flushes/yr - Basis: 1BR / 1BA, single tenant - 1 tenant: 1,800-2,000 flushes/yr - 2 tenants: 3,600-4,000 flushes/yr | H22: 3600 | I22: 1600 | J22: 2000 | K22: HD Supply #245812; Ferguson #4783475 / #4384583
B23: Shower Head | C23: 2.5 | D23: 1.75 | E23: =C23-D23 -> 0.75 | F23: GPM | H23: 9000 | I23: 6300 | J23: 2700
B24: Bathroom Faucet | C24: 1.75 | D24: 1.2 | E24: =C24-D24 -> 0.55 | F24: GPM | H24: 2625 | I24: 1800 | J24: 825
B25: Kitchen Faucet | C25: 1.75 | D25: 1.2 | E25: =C25-D25 -> 0.55 | F25: GPM | H25: 3500 | I25: 2400 | J25: 1100
B27: C. ENERGY STAR APPLIANCES - BEFORE & AFTER
B29: Appliance | C29: Models (Reno) | D29: Models (Turn) | E29: Old kWh/yr | F29: New kWh/yr | G29: kWh Saved | H29: Old Gal/yr | I29: New Gal/yr | J29: Gal Saved | K29: Basis / Notes
B30: Refrigerator | C30: GTE18GSNRSS GTE17GSNRSS | D30: GTE18GTNRWW GTE18GTNRBB | E30: 600 | F30: 400 | G30: =E30-F30 -> 200 | H30: 0 | I30: 0 | J30: =H30-I30 -> 0 | K30: Spec: 352-436 kWh/yr (new) vs ~600 kWh/yr (std). GE Energy Star.
B31: Range | E31: 650 | F31: 500 | G31: =E31-F31 -> 150 | H31: 0 | I31: 0 | J31: =H31-I31 -> 0 | K31: EPA Energy Star certified electric ranges. GE.
B32: Dishwasher | E32: 270 | F32: 240 | G32: =E32-F32 -> 30 | H32: 5000 | I32: 4550 | J32: =H32-I32 -> 450 | K32: Energy Star: 270-240 kWh/yr; ~8-5 gal/cycle × 90 cycles/yr.
B33: Washing Machine | E33: 500 | F33: 130 | G33: =E33-F33 -> 370 | H33: 3500 | I33: 3350 | J33: =H33-I33 -> 150 | K33: GE Energy Star front-load washer. ~370 kWh/yr savings (included in pair total).
B34: Dryer | C34: WPA12100UC | D34: Same | E34: 700 | F34: 400 | G34: =E34-F34 -> 300 | H34: 0 | I34: 0 | J34: =H34-I34 -> 0 | K34: GE Energy Star dryer. ~300 kWh/yr savings (pair total = 670 kWh).
B35: AC Unit | E35: 400 | F35: 150 | G35: =E35-F35 -> 250 | H35: 0 | I35: 0 | J35: =H35-I35 -> 0 | K35: Energy Star window ACs. Savings vary by BTU. Avg ~250 kWh/yr assumed.
B37: D. INITIATIVE SAVINGS LOOKUP TABLE
B39: Initiative Type | C39: kWh Saved / Unit / yr | D39: Gal Saved / Unit / yr | E39: Baseline kWh / Unit | F39: New kWh / Unit | G39: Baseline Gal / Unit | H39: New Gal / Unit | I39: Notes
B40: LED Lighting | C40: 0 | D40: 0 | E40: 0 | F40: 0 | G40: 0 | H40: 0 | I40: kWh formula uses watts×hrs×365/1000 (LED section above). No water impact.
B41: Low-Flow Toilet | C41: 0 | D41: 2000 | E41: 0 | F41: 0 | G41: 3600 | H41: 1600
B42: Low-Flow Faucet (Bathroom) | C42: 0 | D42: 825 | E42: 0 | F42: 0 | G42: 2625 | H42: 1800
B43: Low-Flow Faucet (Kitchen) | C43: 0 | D43: 1100 | E43: 0 | F43: 0 | G43: 3500 | H43: 2400
B44: Energy Star Refrigerator | C44: 200 | D44: 0 | E44: 600 | F44: 400 | G44: 0 | H44: 0
B45: Energy Star Range | C45: 150 | D45: 0 | E45: 650 | F45: 500 | G45: 0 | H45: 0
B46: Energy Star Dishwasher | C46: 30 | D46: 450 | E46: 270 | F46: 240 | G46: 5000 | H46: 4550
B47: Energy Star Washer/Dryer | C47: 670 | D47: 150 | E47: 1200 | F47: 530 | G47: 3500 | H47: 3350
B48: Energy Star AC Unit | C48: 250 | D48: 0 | E48: 400 | F48: 150 | G48: 0 | H48: 0
B49: Low-Flow Shower Head | C49: 0 | D49: 2700 | E49: 0 | F49: 0 | G49: 9000 | H49: 6300
B50: Other | C50: 0 | D50: 0 | E50: 0 | F50: 0 | G50: 0 | H50: 0
B52: E. STATE ELECTRICITY RATES
B53: State | C53: Rate (¢/kWh) | D53: Rate ($/kWh) auto | E53: Source
B54: State 5 | C54: 26.5 | D54: =C54/100 -> 0.265 | E54: Estimate
B55: State 2 | C55: 26 | D55: =C55/100 -> 0.26 | E55: Estimate
B56: State 3 | C56: 18.5 | D56: =C56/100 -> 0.185 | E56: Estimate
B57: State 4 | C57: 24.5 | D57: =C57/100 -> 0.245 | E57: Estimate
B58: State 6 | C58: 20.5 | D58: =C58/100 -> 0.205 | E58: Estimate
B59: State 1 | C59: 22 | D59: =C59/100 -> 0.22 | E59: Estimate
B60: State 7 | C60: 16.5 | D60: =C60/100 -> 0.165 | E60: Estimate
B61: State 8 | C61: 15.5 | D61: =C61/100 -> 0.155 | E61: Estimate
B63: F. STATE WATER RATES
B64: State | C64: Rate ($/1,000 gal) | D64: Rate ($/gal) auto | E64: Source
B65: State 5 | C65: 8.5 | D65: =C65/1000 -> 0.0085 | E65: Estimate
B66: State 2 | C66: 9.2 | D66: =C66/1000 -> 0.0092 | E66: Estimate
B67: State 3 | C67: 7.8 | D67: =C67/1000 -> 0.0078 | E67: Estimate
B68: State 4 | C68: 6.9 | D68: =C68/1000 -> 0.0069 | E68: Estimate
B69: State 6 | C69: 7.4 | D69: =C69/1000 -> 0.0074 | E69: Estimate
B70: State 1 | C70: 8 | D70: =C70/1000 -> 0.008 | E70: Estimate
B71: State 7 | C71: 7.2 | D71: =C71/1000 -> 0.0072 | E71: Estimate
B72: State 8 | C72: 7 | D72: =C72/1000 -> 0.007 | E72: Estimate
B75: G. PORTFOLIO UNIT COMPOSITION
B76: Unit Type | C76: Total # Units (Portfolio) | D76: % of Portfolio | E76: Typical Sq Ft | F76: Avg Bedrooms | G76: Avg Bathrooms | H76: Notes
B77: Studio | D77: =IFERROR(C77/C81,"-") -> - | E77: 450 | F77: 0 | G77: 1
B78: 1 Bedroom | D78: =IFERROR(C78/C81,"-") -> - | E78: 650 | F78: 1 | G78: 1
B79: 2 Bedroom | D79: =IFERROR(C79/C81,"-") -> - | E79: 900 | F79: 2 | G79: 1.5
B80: 3 Bedroom | D80: =IFERROR(C80/C81,"-") -> - | E80: 1150 | F80: 3 | G80: 2
B81: TOTAL | C81: =SUM(C77:C80) -> 0 | D81: =SUM(D77:D80) -> 0

Sheet Portfolio List
B2: Portfolio - Active Properties
B3: Short Name | C3: Full Property Name | D3: Entity Name | E3: Total Units | F3: Fund | G3: Region | H3: State | I3: Acquisition Date
B4: Prop 1 | C4: Property 1 | D4: Entity 1 | E4: 180 | F4: Fund 1 | G4: Region 1 | H4: State 1 | I4: 40338
B5: Prop 2 | C5: Property 2 | D5: Entity 2 | E5: 112 | F5: Fund 1 | G5: Region 1 | H5: State 1 | I5: 40338
B6: Prop 3 | C6: Property 3 | D6: Entity 3 | E6: 128 | F6: Fund 1 | G6: Region 1 | H6: State 1 | I6: 40338
B7: Prop 4 | C7: Property 4 | D7: Entity 4 | E7: 320 | F7: Fund 1 | G7: Region 1 | H7: State 1 | I7: 40338
B8: Prop 5 | C8: Property 5 | D8: Entity 5 | E8: 300 | F8: Fund 1 | G8: Region 1 | H8: State 1 | I8: 40338
B9: Prop 6 | C9: Property 6 | D9: Entity 6 | E9: 144 | F9: Fund 1 | G9: Region 1 | H9: State 1 | I9: 40338
B10: Prop 7 | C10: Property 7 | D10: Entity 7 | E10: 482 | F10: Fund 1 | G10: Region 2 | H10: State 1 | I10: 40338
B11: Prop 8 | C11: Property 8 | D11: Entity 8 | E11: 44 | F11: Fund 1 | G11: Region 1 | H11: State 1 | I11: 40338
B12: Prop 9 | C12: Property 9 | D12: Entity 9 | E12: 184 | F12: Fund 1 | G12: Region 1 | H12: State 1 | I12: 40338
B13: Prop 10 | C13: Property 10 | D13: Entity 10 | E13: 45 | F13: Fund 1 | G13: Region 1 | H13: State 1 | I13: 40338
B14: Prop 11 | C14: Property 11 | D14: Entity 11 | E14: 232 | F14: Fund 2 | G14: Region 1 | H14: State 1 | I14: 40338
B15: Prop 12 | C15: Property 12 | D15: Entity 12 | E15: 44 | F15: Fund 1 | G15: Region 1 | H15: State 1 | I15: 40338
... B75: Prop 72 | C75: Property 72 | D75: Entity 72 | E75: 24 | F75: Fund 6 | G75: Region 1 | H75: State 1 | I75: 40338
B76: Prop 73 | C76: Property 73 | D76: Entity 73 | E76: 750 | F76: Fund 7 | G76: Region 8 | H76: State 1

Sheet Instructions
B2: Guide & Tracker Update Procedures
B3: Portfolio Tracker | Track energy & water savings from capital initiatives
B5: 1. OVERVIEW - WHAT THIS TRACKER DOES
B6: Purpose | C6: Captures energy and water savings from capital initiatives across the portfolio.
B7: Primary outputs | C7: Dashboard: portfolio-wide KPIs. Property Summary: property-level detail. Initiative Log: full audit trail.
B9: 2. PERIODICALLY UPDATE PROCEDURE
B10: Step 1 - Open Initiative Log | C10: Go to the 'Initiative Log' tab. This is your primary data entry screen. | E10: Timing: as per the frequency required
B11: Step 2 - Add new initiatives | C11: One row per initiative per property. Select Property from dropdown (col D). Fund/Region/State auto-fill. | D11: Col D -- dropdown
B12: Step 3 - Set Status + Completion Date | C12: Set col K = 'Completed' and enter Completion Date in col L. Only 'Completed' rows appear in summaries. | D12: Cols K and L | E12: Critical for accuracy
B13: Step 4 - Enter Quantity and Cost | C13: Qty (col M) = # units/fixtures/appliances. Upfront Cost (col O) = total capital spend for the initiative. | D13: Cols M and O
B14: Step 5 - For LED: set Hrs/Day + Unit Type | C14: Hrs/Day (col N): daily operating hours (default 3). Unit Type (col AC) also drives per-unit LED wattage - must be set for LED rows. | D14: Cols N and AC | E14: LED only
B15: Step 6 - Review auto-calculated columns | C15: Cols P-W and Y-Z calculate automatically: kWh, gallons, rates, $ savings, and before/after water - shown in black text. Col X (Notes) is manual. Do NOT edit black cells. | D15: Cols P-W, Y-Z (black) | E15: Formula cells - read-only
B16: Step 7 - Check Fiscal Year & Quarter | C16: Cols AA (Year) and AB (Quarter) auto-fill from Completion Date. Verify they look correct. | D16: Cols AA and AB | E16: Auto from col L
B17: Step 8 - Review Dashboard | C17: Switch to Dashboard tab. All KPIs, fund/region breakdowns, water before/after, and year-over-year table update automatically. | D17: Dashboard tab | E17: No manual entry needed
B19: 3. ANNUAL REVIEW (do this after year-end close)
B20: Review Year-over-Year table | C20: Dashboard -- 'Annual Performance Summary' table. Compare completed initiatives and savings YOY. | D20: Dashboard row ~59+
B21: Validate vs. utility bills | C21: Cross-check kWh saved against actual utility bill reductions at completed properties where possible.
B22: Update electricity/water rates | C22: Go to Assumptions tab -- Sections E (electricity) and F (water). Update rates if EIA data or local rates changed. | D22: Assumptions tab
B23: Update LED fixture assumptions | C23: If new fixtures are being used, update Section A of Assumptions with new wattage and product numbers. | D23: Assumptions -- Section A
B24: Extend Year-over-Year table | C24: If new years are needed, copy a Year row in the Dashboard Annual Summary table and update the year number. | D24: Dashboard -- add row
B26: 4. MONITORING PROGRESS - KEY METRICS TO WATCH EACH QUARTER
B27: Metric | C27: Where to Find It | D27: Target / Benchmark | E27: Action if Off Track
B28: Annual kWh Saved (portfolio) | C28: Dashboard -- Portfolio-Wide Impact tile | D28: Track YOY growth. No fixed target yet. | E28: Review Initiative Log for data entry gaps.
B29: Annual Gallons Saved (portfolio) | C29: Dashboard -- Portfolio-Wide Impact tile | D29: Compare vs. 4.03M gal 2025 program baseline. | E29: Check water fixture initiatives in Log.
B30: Total Annual $ Savings | C30: Dashboard -- Portfolio-Wide Impact tile | D30: Track cumulative payback progress. | E30: Update Assumptions rates if market changed.
B31: Water % Reduction (by type) | C31: Dashboard -- Water Conservation Before/After
B32: Payback Period (avg) | C32: Property Summary -- Payback col (N)
B33: # Initiatives Completed (YTD) | C33: Dashboard -- Annual Performance Summary table
B34: Properties with zero completions | C34: Property Summary - sort by col H (# Completed)
B36: 5. INITIATIVE LOG - COLUMN REFERENCE
B37: Column | C37: Field Name | D37: Entry Method | E37: Notes
B38: Col B | C38: ID | D38: Auto | E38: Auto-numbered. Do not edit.
B39: Col C | C39: Date Logged | D39: Manual | E39: Date this row was entered into the tracker.
B40: Col D | C40: Property | D40: Dropdown | E40: Select from dropdown. Fund/Region/State/Units auto-fill.
B41: Col E-H | C41: Fund / Region / State / Units | D41: Auto | E41: VLOOKUP from Portfolio List. Do not edit.
B42: Col I | C42: Initiative Type | D42: Dropdown | E42: LED Lighting / Low-Flow Toilet / Low-Flow Faucet (Bathroom, Kitchen) / Low-Flow Shower Head / Energy Star Refrigerator, Range, Dishwasher, Washer/Dryer, AC Unit / Other.
B43: Col J | C43: Category | D43: Auto | E43: Energy / Water / Both / Other - auto-fills from Initiative Type (hardcoded logic, not a lookup).
B44: Col K | C44: Status | D44: Dropdown | E44: Planned / In Progress / Completed. Only Completed rows count toward savings.
B45: Col L | C45: Completion Date | D45: Manual | E45: Actual date work was done. Drives Fiscal Year (AA) and Quarter (AB).
B46: Col M | C46: Qty | D46: Manual | E46: # of units, fixtures, or appliances installed.
B47: Col N | C47: Hrs/Day (LED only) | D47: Manual | E47: Daily operating hours. Defaults to 3. Editable.
B48: Col O | C48: Upfront Cost ($) | D48: Manual | E48: Total installed capital cost for this initiative.
... B64: Col AF | C64: % Complete | D64: Auto | E64: Units Renovated / Units Planned.
B66: 6. ASSUMPTIONS TAB - WHAT TO UPDATE AND WHEN
B67: Section A - LED Lighting | C67: Update if new fixture models are introduced with different wattage or hours/day assumptions.
B68: Section B - Water Fixtures | C68: Reference only. Update if new products with different GPM/GPF are used across the portfolio. | D68: Reference table
B69: Section C - Energy Star Appliances | C69: Reference only. Update kWh/gal figures if newer model specifications differ from listed values. | D69: Reference table
B70: Section D - Initiative Lookup | C70: Do not modify structure or row order. Formulas in Initiative Log reference col positions exactly. | D70: DO NOT EDIT STRUCTURE | E70: Critical - changing rows breaks formulas
B71: Section E - Electricity Rates | C71: Update annually from EIA.gov (state-level residential/commercial rates). | D71: Update annually (Jan) | E71: EIA.gov / ElectricChoice
B72: Section F - Water Rates | C72: Update if local utility rates change significantly. Estimates - verify with each utility. | D72: Update annually (Jan) | E72: Verify with local utility
B74: 7. HOW TO ADD A NEW INITIATIVE TYPE
B75: Step 1 - Add row to Assumptions lookup | C75: Insert a new row directly above the 'E. STATE ELECTRICITY RATES' section and enter the new initiative's name and kWh/Gal Saved values there. | D75: Assumptions, insert above row 51 | E75: Match columns B-H used by existing rows 40-50.
B76: Step 2 - Extend Initiative Log ranges | C76: Change the VLOOKUP range from $B$40:$H$50 to $B$40:$H$51 in each affected column, then copy down all rows. | D76: Cols P, Q, Y, Z | E76: Must be copied down every used row - not just row 5.
B77: Step 3 - Update Category formula | C77: Add the new initiative name into the Energy / Water / Both / Other IF logic, then copy down all rows. | D77: Col J | E77: Formula hardcodes each initiative name - it is not a lookup.
B78: Step 4 - Add to dropdown list | C78: Append the new initiative name to the data validation list so it appears when selecting Initiative Type. | D78: Col I validation list | E78: Dropdown source is Assumptions!$B$40:$B$50 - extending the lookup table (Step 1) automatically extends this list too.
B80: 8. TIPS & BEST PRACTICES
B81: Phased rollouts | C81: Log each phase as a separate Initiative Log row with its own date and quantity.
B82: Multiple initiative types at one property | C82: Add a separate row for each type (e.g., LEDs and toilets = two separate rows).
B83: Filtering by period | C83: Use Excel AutoFilter on col AA (Fiscal Year) or col AB (Quarter) to view a specific period.
B84: Formula cells | C84: Columns P-W, Y-Z, AA-AB and AF are auto-calculated (shown in black text). Col X (Notes) and Cols AC-AE (Renovation Progress inputs) are manual. Do not type over black cells.
B85: Color legend | C85: Blue text = hardcoded input you can edit (dates, dropdown picks, quantities, costs, assumptions). Black text = formulas/auto-calculated - do not overwrite.
